{"stats":{"minecraft:dropped":{"minecraft:gravel":1,"minecraft:cobbled_deepslate":5,"minecraft:filled_map":1,"minecraft:dirt":2,"minecraft:andesite":19,"minecraft:oak_sapling":2,"minecraft:wooden_pickaxe":1,"minecraft:bone":1},"minecraft:custom":{"minecraft:interact_with_furnace":21,"minecraft:mob_kills":26,"minecraft:interact_with_cartography_table":1,"minecraft:interact_with_crafting_table":21,"minecraft:leave_game":1,"minecraft:time_since_death":13492,"minecraft:climb_one_cm":3731,"minecraft:time_since_rest":13515,"minecraft:sprint_one_cm":152527,"minecraft:damage_taken":2633,"minecraft:walk_one_cm":261896,"minecraft:damage_blocked_by_shield":685,"minecraft:drop":12,"minecraft:damage_dealt":4495,"minecraft:swim_one_cm":5770,"minecraft:talked_to_villager":5,"minecraft:fly_one_cm":256204,"minecraft:open_chest":8,"minecraft:crouch_one_cm":3126,"minecraft:play_time":74347,"minecraft:deaths":4,"minecraft:sneak_time":1353,"minecraft:walk_under_water_one_cm":4502,"minecraft:jump":1440,"minecraft:interact_with_blast_furnace":1,"minecraft:walk_on_water_one_cm":11777,"minecraft:interact_with_smoker":1,"minecraft:total_world_time":74347,"minecraft:fall_one_cm":41906},"minecraft:picked_up":{"minecraft:crafting_table":4,"minecraft:andesite":26,"minecraft:gold_block":3,"minecraft:flint":1,"minecraft:gunpowder":2,"minecraft:string":17,"minecraft:dirt":17,"minecraft:bone":1,"minecraft:blue_orchid":1,"minecraft:wheat_seeds":1,"minecraft:cobbled_deepslate":5,"minecraft:raw_gold":25,"minecraft:oak_planks":1,"minecraft:furnace":1,"minecraft:raw_iron":52,"minecraft:acacia_log":7,"minecraft:torch":19,"minecraft:green_bed":1,"minecraft:gravel":1,"minecraft:dark_oak_log":2,"minecraft:redstone":19,"minecraft:mossy_cobblestone":1,"minecraft:spider_eye":4,"minecraft:arrow":1,"minecraft:rotten_flesh":3,"minecraft:hay_block":2,"minecraft:emerald":1,"minecraft:oak_sapling":1,"minecraft:coal":34,"iceandfire:raw_silver":4,"minecraft:cobblestone":66},"minecraft:mined":{"minecraft:deepslate_redstone_ore":4,"iceandfire:silver_ore":4,"minecraft:mossy_cobblestone":1,"minecraft:dark_oak_log":2,"minecraft:crafting_table":4,"minecraft:torch":13,"minecraft:acacia_log":7,"minecraft:allium":1,"minecraft:grass_block":7,"minecraft:tall_grass":5,"minecraft:cobblestone":3,"minecraft:deepslate_gold_ore":17,"minecraft:wall_torch":4,"minecraft:hay_block":2,"minecraft:furnace":1,"minecraft:cobbled_deepslate":1,"minecraft:iron_ore":35,"minecraft:fire":2,"minecraft:andesite":15,"minecraft:gold_block":3,"minecraft:grass":5,"minecraft:coal_ore":34,"minecraft:deepslate_iron_ore":17,"minecraft:gravel":5,"minecraft:dirt":10,"minecraft:stone":59,"minecraft:blue_orchid":1,"minecraft:netherrack":1,"minecraft:gold_ore":8,"minecraft:deepslate":4,"minecraft:green_bed":1},"minecraft:killed":{"takesapillage:skirmisher":1,"minecraft:vindicator":1,"minecraft:spider":12,"minecraft:creeper":2,"minecraft:skeleton":1,"minecraft:pillager":4,"minecraft:zombie":3,"takesapillage:archer":1},"minecraft:used":{"minecraft:stone_pickaxe":79,"minecraft:wooden_pickaxe":48,"minecraft:shield":19,"minecraft:iron_sword":89,"minecraft:rotten_flesh":3,"minecraft:torch":78,"minecraft:mossy_cobblestone":1,"minecraft:dirt":15,"minecraft:crafting_table":6,"minecraft:apple":4,"minecraft:blue_orchid":1,"minecraft:bread":6,"minecraft:map":2,"minecraft:iron_pickaxe":101,"minecraft:iron_helmet":1,"minecraft:cobblestone":35,"minecraft:hay_block":1,"minecraft:sweet_berries":28,"minecraft:cooked_porkchop":5,"minecraft:furnace":3,"minecraft:andesite":7,"minecraft:iron_leggings":1},"minecraft:crafted":{"minecraft:crafting_table":2,"minecraft:iron_helmet":1,"minecraft:wooden_pickaxe":1,"minecraft:iron_sword":1,"minecraft:furnace":2,"minecraft:air":0,"minecraft:iron_boots":1,"minecraft:iron_chestplate":1,"minecraft:shield":1,"minecraft:stick":24,"minecraft:iron_ingot":31,"minecraft:iron_pickaxe":1,"minecraft:stone_pickaxe":1,"minecraft:iron_leggings":1,"minecraft:acacia_planks":28,"minecraft:torch":68}},"DataVersion":3465}