{"stats":{"minecraft:dropped":{"minecraft:gravel":1,"minecraft:wheat_seeds":5,"minecraft:cobbled_deepslate":5,"minecraft:wheat":1,"minecraft:rotten_flesh":4,"minecraft:cobblestone":1,"minecraft:book":1,"minecraft:filled_map":1,"minecraft:dirt":5,"minecraft:gunpowder":4,"minecraft:andesite":19,"minecraft:oak_sapling":2,"minecraft:stone_pickaxe":1,"minecraft:wooden_pickaxe":1,"minecraft:bone":1},"minecraft:custom":{"minecraft:interact_with_furnace":22,"minecraft:mob_kills":38,"minecraft:interact_with_crafting_table":25,"minecraft:interact_with_cartography_table":2,"minecraft:leave_game":2,"minecraft:time_since_death":17513,"minecraft:sleep_in_bed":3,"minecraft:climb_one_cm":3731,"minecraft:time_since_rest":708,"minecraft:sprint_one_cm":407593,"minecraft:damage_taken":4770,"minecraft:walk_one_cm":421356,"minecraft:damage_blocked_by_shield":1490,"minecraft:drop":21,"minecraft:damage_dealt":7588,"minecraft:swim_one_cm":7346,"minecraft:fly_one_cm":756859,"minecraft:talked_to_villager":9,"minecraft:open_chest":47,"minecraft:crouch_one_cm":3332,"minecraft:play_time":131076,"minecraft:deaths":9,"minecraft:sneak_time":1381,"minecraft:walk_under_water_one_cm":5078,"minecraft:jump":3568,"minecraft:interact_with_blast_furnace":1,"minecraft:walk_on_water_one_cm":14959,"minecraft:total_world_time":131076,"minecraft:interact_with_smoker":1,"minecraft:fall_one_cm":114825},"minecraft:picked_up":{"minecraft:birch_log":10,"minecraft:crafting_table":7,"minecraft:wheat":2,"minecraft:andesite":26,"minecraft:gold_block":3,"minecraft:flint":1,"minecraft:gunpowder":4,"minecraft:dirt":20,"minecraft:string":19,"minecraft:item_frame":1,"minecraft:bone":1,"minecraft:blue_orchid":1,"minecraft:apple":1,"minecraft:wheat_seeds":6,"minecraft:cobbled_deepslate":5,"minecraft:raw_gold":25,"minecraft:birch_sapling":1,"minecraft:oak_planks":1,"minecraft:furnace":1,"minecraft:stick":1,"minecraft:raw_iron":54,"iceandfire:dragonbone":2,"iceandfire:dragonscales_white":2,"minecraft:torch":22,"minecraft:green_bed":4,"minecraft:acacia_log":13,"minecraft:gravel":1,"minecraft:redstone":19,"minecraft:mossy_cobblestone":1,"minecraft:dark_oak_log":2,"minecraft:spider_eye":7,"iceandfire:dragon_skull_ice":1,"minecraft:arrow":1,"minecraft:rotten_flesh":7,"minecraft:hay_block":9,"minecraft:emerald":1,"minecraft:oak_sapling":1,"minecraft:coal":59,"iceandfire:raw_silver":5,"minecraft:cobblestone":69},"minecraft:mined":{"minecraft:deepslate_redstone_ore":4,"iceandfire:silver_ore":6,"minecraft:mossy_cobblestone":1,"minecraft:dark_oak_log":2,"minecraft:crafting_table":7,"minecraft:torch":14,"minecraft:allium":1,"minecraft:acacia_log":13,"minecraft:grass_block":7,"minecraft:tall_grass":8,"minecraft:cobblestone":3,"minecraft:deepslate_gold_ore":17,"minecraft:wall_torch":6,"minecraft:spawner":1,"minecraft:hay_block":9,"minecraft:furnace":1,"minecraft:birch_log":10,"minecraft:iron_ore":37,"minecraft:cobbled_deepslate":1,"minecraft:fire":8,"minecraft:andesite":15,"minecraft:gold_block":3,"minecraft:grass":9,"minecraft:coal_ore":59,"minecraft:deepslate_iron_ore":17,"minecraft:gravel":5,"minecraft:dirt":10,"minecraft:blue_orchid":1,"minecraft:stone":62,"minecraft:netherrack":1,"minecraft:gold_ore":8,"minecraft:deepslate":4,"minecraft:green_bed":4},"minecraft:killed":{"minecraft:witch":1,"takesapillage:skirmisher":1,"minecraft:spider":14,"minecraft:vindicator":1,"minecraft:creeper":2,"minecraft:skeleton":1,"alexsmobs:blue_jay":1,"minecraft:pillager":6,"minecraft:zombie":8,"takesapillage:archer":1},"minecraft:used":{"minecraft:stone_pickaxe":79,"minecraft:wooden_pickaxe":48,"minecraft:shield":40,"minecraft:iron_sword":163,"minecraft:green_bed":3,"minecraft:rotten_flesh":3,"minecraft:torch":83,"minecraft:mossy_cobblestone":1,"minecraft:dirt":15,"minecraft:crafting_table":9,"minecraft:apple":10,"minecraft:bread":25,"minecraft:iron_pickaxe":134,"minecraft:blue_orchid":1,"minecraft:birch_sapling":1,"minecraft:map":2,"minecraft:iron_helmet":1,"minecraft:item_frame":1,"minecraft:cobblestone":48,"minecraft:sweet_berries":33,"minecraft:hay_block":1,"minecraft:furnace":3,"minecraft:cooked_porkchop":5,"minecraft:andesite":7,"minecraft:potato":60,"minecraft:acacia_planks":20,"minecraft:iron_leggings":1},"minecraft:crafted":{"minecraft:crafting_table":3,"minecraft:wooden_pickaxe":1,"minecraft:iron_helmet":1,"minecraft:iron_sword":1,"minecraft:furnace":2,"minecraft:bread":24,"minecraft:air":0,"minecraft:iron_boots":1,"minecraft:iron_chestplate":1,"minecraft:shield":1,"minecraft:stick":24,"minecraft:iron_ingot":31,"minecraft:iron_pickaxe":1,"minecraft:stone_pickaxe":1,"minecraft:iron_leggings":1,"minecraft:acacia_planks":52,"minecraft:torch":68,"minecraft:wheat":72}},"DataVersion":3465}