{"stats":{"minecraft:dropped":{"minecraft:andesite":11,"minecraft:oak_sapling":2,"minecraft:wooden_pickaxe":1},"minecraft:custom":{"minecraft:interact_with_furnace":11,"minecraft:mob_kills":15,"minecraft:interact_with_cartography_table":1,"minecraft:interact_with_crafting_table":13,"minecraft:leave_game":1,"minecraft:time_since_death":1470,"minecraft:climb_one_cm":1879,"minecraft:time_since_rest":1497,"minecraft:sprint_one_cm":105826,"minecraft:damage_taken":1750,"minecraft:walk_one_cm":160615,"minecraft:damage_blocked_by_shield":210,"minecraft:drop":4,"minecraft:damage_dealt":2256,"minecraft:swim_one_cm":5770,"minecraft:talked_to_villager":5,"minecraft:fly_one_cm":173007,"minecraft:open_chest":4,"minecraft:crouch_one_cm":2393,"minecraft:play_time":50347,"minecraft:deaths":3,"minecraft:sneak_time":1057,"minecraft:walk_under_water_one_cm":3355,"minecraft:jump":893,"minecraft:interact_with_blast_furnace":1,"minecraft:walk_on_water_one_cm":7869,"minecraft:interact_with_smoker":1,"minecraft:total_world_time":50347,"minecraft:fall_one_cm":26437},"minecraft:picked_up":{"minecraft:crafting_table":4,"minecraft:andesite":22,"minecraft:flint":1,"minecraft:gunpowder":2,"minecraft:string":9,"minecraft:dirt":15,"minecraft:bone":1,"minecraft:blue_orchid":1,"minecraft:cobbled_deepslate":1,"minecraft:raw_gold":14,"minecraft:furnace":1,"minecraft:raw_iron":24,"minecraft:acacia_log":7,"minecraft:torch":12,"minecraft:green_bed":1,"minecraft:gravel":1,"minecraft:redstone":19,"minecraft:spider_eye":1,"minecraft:arrow":1,"minecraft:rotten_flesh":3,"minecraft:hay_block":2,"minecraft:oak_sapling":1,"minecraft:coal":33,"iceandfire:raw_silver":1,"minecraft:cobblestone":49},"minecraft:mined":{"minecraft:deepslate_redstone_ore":4,"iceandfire:silver_ore":1,"minecraft:crafting_table":4,"minecraft:torch":8,"minecraft:acacia_log":7,"minecraft:allium":1,"minecraft:grass_block":7,"minecraft:tall_grass":3,"minecraft:deepslate_gold_ore":14,"minecraft:wall_torch":2,"minecraft:hay_block":2,"minecraft:furnace":1,"minecraft:iron_ore":12,"minecraft:andesite":15,"minecraft:grass":4,"minecraft:coal_ore":33,"minecraft:deepslate_iron_ore":12,"minecraft:gravel":5,"minecraft:dirt":9,"minecraft:stone":48,"minecraft:blue_orchid":1,"minecraft:deepslate":1,"minecraft:green_bed":1},"minecraft:killed":{"minecraft:spider":8,"minecraft:creeper":2,"minecraft:skeleton":1,"minecraft:zombie":3},"minecraft:used":{"minecraft:stone_pickaxe":79,"minecraft:wooden_pickaxe":48,"minecraft:shield":9,"minecraft:iron_sword":41,"minecraft:rotten_flesh":3,"minecraft:torch":68,"minecraft:dirt":15,"minecraft:crafting_table":5,"minecraft:apple":4,"minecraft:blue_orchid":1,"minecraft:bread":6,"minecraft:map":2,"minecraft:iron_pickaxe":29,"minecraft:hay_block":1,"minecraft:sweet_berries":28,"minecraft:furnace":2},"minecraft:crafted":{"minecraft:crafting_table":1,"minecraft:wooden_pickaxe":1,"minecraft:iron_sword":1,"minecraft:furnace":1,"minecraft:air":0,"minecraft:iron_chestplate":1,"minecraft:shield":1,"minecraft:stick":24,"minecraft:iron_ingot":15,"minecraft:iron_pickaxe":1,"minecraft:stone_pickaxe":1,"minecraft:acacia_planks":28,"minecraft:torch":68}},"DataVersion":3465}