{"stats":{"minecraft:dropped":{"minecraft:gravel":1,"minecraft:cobbled_deepslate":5,"minecraft:filled_map":1,"minecraft:dirt":2,"minecraft:andesite":19,"minecraft:oak_sapling":2,"minecraft:wooden_pickaxe":1,"minecraft:bone":1},"minecraft:custom":{"minecraft:interact_with_furnace":21,"minecraft:mob_kills":27,"minecraft:interact_with_crafting_table":22,"minecraft:interact_with_cartography_table":1,"minecraft:leave_game":2,"minecraft:time_since_death":5093,"minecraft:sleep_in_bed":2,"minecraft:climb_one_cm":3731,"minecraft:time_since_rest":1998,"minecraft:sprint_one_cm":223095,"minecraft:damage_taken":3424,"minecraft:walk_one_cm":352244,"minecraft:damage_blocked_by_shield":685,"minecraft:drop":12,"minecraft:damage_dealt":4830,"minecraft:swim_one_cm":5770,"minecraft:fly_one_cm":383725,"minecraft:talked_to_villager":9,"minecraft:open_chest":42,"minecraft:crouch_one_cm":3285,"minecraft:play_time":95076,"minecraft:deaths":6,"minecraft:sneak_time":1371,"minecraft:walk_under_water_one_cm":4553,"minecraft:jump":1971,"minecraft:interact_with_blast_furnace":1,"minecraft:walk_on_water_one_cm":13296,"minecraft:total_world_time":95076,"minecraft:interact_with_smoker":1,"minecraft:fall_one_cm":59368},"minecraft:picked_up":{"minecraft:birch_log":10,"minecraft:crafting_table":4,"minecraft:andesite":26,"minecraft:gold_block":3,"minecraft:flint":1,"minecraft:gunpowder":4,"minecraft:dirt":17,"minecraft:string":17,"minecraft:bone":1,"minecraft:blue_orchid":1,"minecraft:wheat_seeds":1,"minecraft:cobbled_deepslate":5,"minecraft:raw_gold":25,"minecraft:birch_sapling":1,"minecraft:oak_planks":1,"minecraft:furnace":1,"minecraft:stick":1,"minecraft:raw_iron":53,"minecraft:torch":22,"minecraft:green_bed":3,"minecraft:acacia_log":13,"minecraft:gravel":1,"minecraft:redstone":19,"minecraft:mossy_cobblestone":1,"minecraft:dark_oak_log":2,"minecraft:spider_eye":6,"minecraft:arrow":1,"minecraft:rotten_flesh":3,"minecraft:hay_block":9,"minecraft:emerald":1,"minecraft:oak_sapling":1,"minecraft:coal":53,"iceandfire:raw_silver":5,"minecraft:cobblestone":68},"minecraft:mined":{"minecraft:deepslate_redstone_ore":4,"iceandfire:silver_ore":5,"minecraft:mossy_cobblestone":1,"minecraft:dark_oak_log":2,"minecraft:crafting_table":4,"minecraft:torch":14,"minecraft:allium":1,"minecraft:acacia_log":13,"minecraft:grass_block":7,"minecraft:tall_grass":5,"minecraft:cobblestone":3,"minecraft:deepslate_gold_ore":17,"minecraft:wall_torch":6,"minecraft:spawner":1,"minecraft:hay_block":9,"minecraft:furnace":1,"minecraft:birch_log":10,"minecraft:iron_ore":36,"minecraft:cobbled_deepslate":1,"minecraft:fire":8,"minecraft:andesite":15,"minecraft:gold_block":3,"minecraft:grass":5,"minecraft:coal_ore":53,"minecraft:deepslate_iron_ore":17,"minecraft:gravel":5,"minecraft:dirt":10,"minecraft:blue_orchid":1,"minecraft:stone":61,"minecraft:netherrack":1,"minecraft:gold_ore":8,"minecraft:deepslate":4,"minecraft:green_bed":3},"minecraft:killed":{"minecraft:witch":1,"takesapillage:skirmisher":1,"minecraft:spider":12,"minecraft:vindicator":1,"minecraft:creeper":2,"minecraft:skeleton":1,"minecraft:pillager":4,"minecraft:zombie":3,"takesapillage:archer":1},"minecraft:used":{"minecraft:stone_pickaxe":79,"minecraft:wooden_pickaxe":48,"minecraft:shield":19,"minecraft:iron_sword":99,"minecraft:green_bed":2,"minecraft:rotten_flesh":3,"minecraft:torch":83,"minecraft:mossy_cobblestone":1,"minecraft:dirt":15,"minecraft:crafting_table":7,"minecraft:apple":10,"minecraft:bread":13,"minecraft:iron_pickaxe":125,"minecraft:blue_orchid":1,"minecraft:birch_sapling":1,"minecraft:map":2,"minecraft:iron_helmet":1,"minecraft:cobblestone":48,"minecraft:sweet_berries":31,"minecraft:hay_block":1,"minecraft:furnace":3,"minecraft:cooked_porkchop":5,"minecraft:andesite":7,"minecraft:iron_leggings":1},"minecraft:crafted":{"minecraft:crafting_table":3,"minecraft:wooden_pickaxe":1,"minecraft:iron_helmet":1,"minecraft:iron_sword":1,"minecraft:furnace":2,"minecraft:air":0,"minecraft:iron_boots":1,"minecraft:iron_chestplate":1,"minecraft:shield":1,"minecraft:stick":24,"minecraft:iron_ingot":31,"minecraft:iron_pickaxe":1,"minecraft:stone_pickaxe":1,"minecraft:iron_leggings":1,"minecraft:acacia_planks":52,"minecraft:torch":68,"minecraft:wheat":9}},"DataVersion":3465}