{"stats":{"minecraft:dropped":{"minecraft:andesite":11,"minecraft:oak_sapling":1},"minecraft:picked_up":{"minecraft:crafting_table":3,"minecraft:raw_iron":7,"minecraft:andesite":22,"minecraft:torch":12,"minecraft:green_bed":1,"minecraft:acacia_log":7,"minecraft:gravel":1,"minecraft:dirt":15,"minecraft:string":2,"minecraft:bone":1,"minecraft:arrow":1,"minecraft:rotten_flesh":3,"minecraft:blue_orchid":1,"minecraft:hay_block":2,"minecraft:oak_sapling":1,"minecraft:coal":33,"iceandfire:raw_silver":1,"minecraft:cobblestone":49,"minecraft:furnace":1},"minecraft:custom":{"minecraft:time_since_rest":53,"minecraft:interact_with_furnace":4,"minecraft:sprint_one_cm":62647,"minecraft:damage_taken":1390,"minecraft:walk_one_cm":104952,"minecraft:damage_blocked_by_shield":70,"minecraft:mob_kills":5,"minecraft:drop":2,"minecraft:damage_dealt":1046,"minecraft:interact_with_crafting_table":9,"minecraft:interact_with_cartography_table":1,"minecraft:swim_one_cm":5770,"minecraft:fly_one_cm":117939,"minecraft:talked_to_villager":5,"minecraft:play_time":38347,"minecraft:open_chest":4,"minecraft:crouch_one_cm":2217,"minecraft:deaths":2,"minecraft:sneak_time":969,"minecraft:walk_under_water_one_cm":3355,"minecraft:jump":652,"minecraft:interact_with_blast_furnace":1,"minecraft:leave_game":1,"minecraft:time_since_death":22,"minecraft:walk_on_water_one_cm":7811,"minecraft:total_world_time":38347,"minecraft:interact_with_smoker":1,"minecraft:climb_one_cm":1386,"minecraft:fall_one_cm":19834},"minecraft:mined":{"minecraft:hay_block":2,"minecraft:furnace":1,"iceandfire:silver_ore":1,"minecraft:iron_ore":7,"minecraft:andesite":15,"minecraft:crafting_table":3,"minecraft:torch":8,"minecraft:grass":4,"minecraft:allium":1,"minecraft:acacia_log":7,"minecraft:grass_block":7,"minecraft:coal_ore":33,"minecraft:gravel":4,"minecraft:dirt":9,"minecraft:tall_grass":3,"minecraft:blue_orchid":1,"minecraft:stone":48,"minecraft:wall_torch":2,"minecraft:green_bed":1},"minecraft:used":{"minecraft:apple":4,"minecraft:stone_pickaxe":71,"minecraft:blue_orchid":1,"minecraft:bread":6,"minecraft:shield":2,"minecraft:wooden_pickaxe":48,"minecraft:iron_sword":15,"minecraft:rotten_flesh":1,"minecraft:torch":18,"minecraft:dirt":15,"minecraft:sweet_berries":28,"minecraft:crafting_table":3,"minecraft:furnace":1},"minecraft:killed":{"minecraft:skeleton":1,"minecraft:zombie":3,"minecraft:spider":1},"minecraft:crafted":{"minecraft:shield":1,"minecraft:crafting_table":1,"minecraft:stick":8,"minecraft:wooden_pickaxe":1,"minecraft:iron_ingot":3,"minecraft:stone_pickaxe":1,"minecraft:iron_sword":1,"minecraft:furnace":1,"minecraft:acacia_planks":28,"minecraft:torch":8,"minecraft:air":0}},"DataVersion":3465}