{"stats":{"minecraft:broken":{"iceandfire:armor_white_boots":1,"iceandfire:armor_white_helmet":1},"minecraft:used":{"iceandfire:armor_copper_boots":3,"minecraft:spruce_planks":1,"minecraft:shield":64,"minecraft:iron_sword":260,"minecraft:cooked_chicken":1,"minecraft:rotten_flesh":3,"minecraft:torch":164,"minecraft:dirt":28,"minecraft:dark_oak_planks":4,"iceandfire:armor_white_boots":3,"minecraft:blue_orchid":1,"minecraft:birch_sapling":1,"minecraft:iron_helmet":1,"minecraft:stone_bricks":1,"minecraft:item_frame":1,"minecraft:hay_block":1,"minecraft:sweet_berries":39,"minecraft:iron_trapdoor":1,"minecraft:furnace":3,"minecraft:cobbled_deepslate":2,"minecraft:potato":82,"minecraft:acacia_planks":20,"minecraft:iron_leggings":1,"minecraft:cobblestone_stairs":1,"minecraft:gray_carpet":6,"minecraft:stone_pickaxe":79,"iceandfire:dragonbone_sword_ice":341,"minecraft:wooden_pickaxe":48,"iceandfire:dragon_skull_lightning":1,"minecraft:green_bed":5,"minecraft:glow_berries":7,"minecraft:mossy_cobblestone":1,"minecraft:sand":4,"minecraft:crafting_table":13,"minecraft:apple":49,"minecraft:bread":109,"minecraft:iron_pickaxe":206,"minecraft:map":2,"minecraft:cobblestone":48,"minecraft:cooked_porkchop":5,"minecraft:andesite":7},"minecraft:custom":{"minecraft:mob_kills":146,"minecraft:interact_with_crafting_table":39,"minecraft:bell_ring":6,"minecraft:eat_cake_slice":2,"minecraft:leave_game":6,"minecraft:time_since_death":63819,"minecraft:climb_one_cm":7026,"minecraft:sprint_one_cm":1124676,"minecraft:walk_one_cm":832198,"minecraft:damage_blocked_by_shield":2279,"minecraft:drop":84,"minecraft:damage_dealt_absorbed":160,"minecraft:talked_to_villager":9,"minecraft:play_time":296358,"minecraft:deaths":11,"minecraft:sneak_time":1617,"minecraft:walk_under_water_one_cm":10901,"minecraft:jump":9504,"minecraft:interact_with_blast_furnace":1,"minecraft:walk_on_water_one_cm":39693,"minecraft:total_world_time":296358,"minecraft:interact_with_furnace":23,"minecraft:interact_with_cartography_table":3,"minecraft:raid_trigger":1,"minecraft:sleep_in_bed":4,"minecraft:time_since_rest":63850,"minecraft:damage_taken":9310,"minecraft:damage_dealt":33549,"minecraft:swim_one_cm":26583,"minecraft:fly_one_cm":2271646,"minecraft:open_chest":104,"minecraft:crouch_one_cm":4199,"minecraft:interact_with_smoker":1,"minecraft:fall_one_cm":342328},"minecraft:picked_up":{"iceandfire:dragon_skull_lightning":1,"minecraft:crafting_table":9,"minecraft:wheat":2,"minecraft:iron_trapdoor":1,"minecraft:brown_mushroom":1,"minecraft:gold_block":3,"minecraft:string":21,"minecraft:item_frame":1,"minecraft:blue_orchid":1,"minecraft:gold_nugget":64,"minecraft:cobbled_deepslate":8,"minecraft:spruce_planks":1,"minecraft:birch_sapling":1,"iceandfire:dragonscales_red":6,"minecraft:furnace":1,"minecraft:stick":3,"minecraft:raw_iron":95,"iceandfire:dragonbone":16,"iceandfire:dragonscales_gray":40,"minecraft:oak_fence":1,"minecraft:torch":24,"minecraft:acacia_log":14,"minecraft:green_bed":5,"iceandfire:dragonscales_white":2,"minecraft:pointed_dripstone":6,"minecraft:redstone":19,"iceandfire:dragon_skull_ice":1,"minecraft:arrow":4,"minecraft:rotten_flesh":11,"iceandfire:dragonscales_silver":12,"minecraft:hay_block":9,"iceandfire:fire_dragon_heart":2,"minecraft:rail":2,"minecraft:cobblestone":69,"minecraft:birch_log":10,"minecraft:feather":9,"minecraft:andesite":26,"minecraft:orange_carpet":1,"minecraft:potato":1,"minecraft:flint":5,"minecraft:gunpowder":4,"minecraft:cobblestone_stairs":1,"minecraft:dirt":39,"minecraft:white_banner":2,"iceandfire:ice_dragon_blood":1,"minecraft:bone":30,"minecraft:gray_carpet":8,"minecraft:apple":1,"minecraft:stone_bricks":1,"minecraft:bow":1,"minecraft:wheat_seeds":14,"minecraft:raw_gold":29,"minecraft:iron_ingot":1,"iceandfire:armor_white_leggings":1,"minecraft:cooked_chicken":1,"minecraft:rabbit":1,"iceandfire:armor_white_helmet":1,"iceandfire:armor_white_boots":1,"minecraft:powered_rail":1,"iceandfire:fire_dragon_flesh":3,"minecraft:iron_sword":1,"minecraft:oak_planks":1,"iceandfire:dragonbone_sword":1,"minecraft:dripstone_block":2,"minecraft:gravel":1,"iceandfire:dragon_skull_fire":1,"minecraft:sand":7,"minecraft:stripped_spruce_log":2,"minecraft:spruce_log":1,"iceandfire:lightning_dragon_heart":1,"minecraft:dark_oak_log":3,"minecraft:spider_eye":8,"minecraft:mossy_cobblestone":1,"iceandfire:dragonscales_copper":32,"alexsmobs:guster_eye":2,"minecraft:diamond":3,"iceandfire:armor_white_chestplate":1,"minecraft:bone_meal":27,"minecraft:bread":1,"minecraft:emerald":7,"minecraft:oak_sapling":1,"minecraft:coal":67,"iceandfire:raw_silver":9},"minecraft:crafted":{"iceandfire:armor_copper_boots":1,"minecraft:furnace":2,"minecraft:iron_boots":1,"minecraft:stone_pickaxe":1,"minecraft:dark_oak_planks":4,"minecraft:wheat":72,"minecraft:crafting_table":4,"minecraft:spruce_planks":4,"minecraft:wooden_pickaxe":1,"minecraft:iron_helmet":1,"minecraft:iron_sword":1,"minecraft:birch_planks":40,"iceandfire:armor_copper_leggings":1,"minecraft:bread":24,"minecraft:air":0,"iceandfire:armor_copper_chestplate":1,"iceandfire:dragonbone_sword_ice":1,"minecraft:iron_chestplate":1,"minecraft:shield":1,"minecraft:stick":48,"minecraft:iron_ingot":31,"minecraft:iron_pickaxe":1,"minecraft:iron_leggings":1,"minecraft:acacia_planks":56,"minecraft:torch":148,"iceandfire:armor_copper_helmet":1},"minecraft:killed":{"minecraft:witch":1,"minecraft:spider":21,"minecraft:vindicator":9,"minecraft:skeleton":24,"alexsmobs:blue_jay":1,"iceandfire:fire_dragon":1,"minecraft:llama":1,"naturalist:vulture":2,"minecraft:husk":4,"alexsmobs:guster":8,"minecraft:zombie_villager":1,"naturalist:butterfly":1,"takesapillage:skirmisher":1,"minecraft:rabbit":1,"minecraft:creeper":3,"iceandfire:cockatrice":1,"minecraft:pillager":27,"minecraft:zombie":25,"alexsmobs:gazelle":1,"alexsmobs:roadrunner":2,"iceandfire:pixie":1,"iceandfire:lightning_dragon":1,"takesapillage:archer":3,"minecraft:enderman":3},"minecraft:mined":{"iceandfire:silver_ore":8,"minecraft:mossy_cobblestone":1,"minecraft:deepslate_diamond_ore":3,"minecraft:dark_oak_log":3,"minecraft:allium":1,"minecraft:acacia_log":14,"minecraft:grass_block":13,"minecraft:white_stained_glass":2,"iceandfire:deepslate_silver_ore":1,"minecraft:spawner":3,"minecraft:large_fern":2,"minecraft:hay_block":9,"minecraft:furnace":1,"minecraft:iron_ore":54,"minecraft:fire":23,"minecraft:cobbled_deepslate":1,"minecraft:andesite":15,"minecraft:stripped_spruce_log":1,"minecraft:gold_block":3,"minecraft:pointed_dripstone":3,"iceandfire:gold_pile":10,"minecraft:deepslate_iron_ore":42,"minecraft:stone":66,"minecraft:blue_orchid":1,"minecraft:green_bed":5,"minecraft:deepslate_redstone_ore":4,"minecraft:crafting_table":9,"minecraft:torch":18,"minecraft:dead_bush":3,"minecraft:tall_grass":14,"minecraft:cobblestone":3,"minecraft:deepslate_gold_ore":17,"minecraft:wall_torch":6,"minecraft:birch_log":10,"minecraft:spruce_log":1,"minecraft:grass":54,"minecraft:coal_ore":67,"minecraft:sand":2,"minecraft:gravel":5,"minecraft:dirt":10,"minecraft:gray_carpet":3,"minecraft:stone_bricks":1,"minecraft:netherrack":1,"minecraft:gold_ore":12,"minecraft:iron_trapdoor":1,"minecraft:deepslate":7,"minecraft:fern":8},"minecraft:dropped":{"minecraft:iron_ingot":2,"minecraft:bread":6,"minecraft:iron_sword":2,"minecraft:stripped_spruce_log":2,"minecraft:birch_planks":30,"minecraft:wheat_seeds":13,"minecraft:lapis_lazuli":4,"iceandfire:dragonscales_silver":6,"minecraft:dripstone_block":2,"minecraft:oak_fence":1,"minecraft:feather":9,"minecraft:iron_helmet":1,"minecraft:cobblestone":1,"minecraft:book":1,"minecraft:rail":2,"minecraft:flint":8,"minecraft:stick":7,"minecraft:dirt":11,"minecraft:orange_carpet":1,"minecraft:torch":8,"minecraft:iron_leggings":1,"iceandfire:armor_white_leggings":1,"minecraft:bone_meal":54,"minecraft:white_banner":2,"minecraft:sand":3,"minecraft:iron_pickaxe":1,"minecraft:string":29,"minecraft:acacia_planks":2,"iceandfire:armor_white_chestplate":1,"minecraft:redstone":1,"iceandfire:dragonbone":2,"minecraft:bone":16,"minecraft:gravel":1,"iceandfire:dragonscales_gray":20,"minecraft:iron_nugget":21,"minecraft:cobbled_deepslate":6,"minecraft:wheat":2,"minecraft:pointed_dripstone":6,"minecraft:rotten_flesh":8,"minecraft:iron_boots":1,"minecraft:filled_map":1,"minecraft:gunpowder":4,"minecraft:iron_chestplate":1,"minecraft:andesite":19,"minecraft:oak_sapling":2,"minecraft:wooden_pickaxe":1,"minecraft:stone_pickaxe":1,"minecraft:arrow":3,"minecraft:bow":1,"minecraft:powered_rail":1}},"DataVersion":3465}