{"stats":{"minecraft:dropped":{"iceandfire:raw_silver":8,"minecraft:iron_sword":2,"minecraft:wheat_seeds":3,"minecraft:feather":1,"minecraft:book":2,"minecraft:dirt":1,"minecraft:string":1,"minecraft:bone":4,"minecraft:gold_ingot":2,"minecraft:gravel":4,"minecraft:stone_axe":1,"minecraft:tuff":17,"minecraft:rotten_flesh":1,"alexsmobs:cockroach_wing_fragment":1,"minecraft:stone_brick_wall":1,"minecraft:chest":1,"minecraft:bow":1,"minecraft:stone_pickaxe":1,"minecraft:wooden_pickaxe":1},"minecraft:custom":{"minecraft:mob_kills":49,"minecraft:interact_with_crafting_table":28,"minecraft:leave_game":1,"minecraft:time_since_death":35877,"minecraft:climb_one_cm":1079,"minecraft:sprint_one_cm":191464,"minecraft:walk_one_cm":174854,"minecraft:damage_blocked_by_shield":735,"minecraft:drop":22,"minecraft:damage_dealt_absorbed":112,"minecraft:play_time":79378,"minecraft:deaths":4,"minecraft:sneak_time":6345,"minecraft:walk_under_water_one_cm":1225,"minecraft:jump":1455,"minecraft:walk_on_water_one_cm":6544,"minecraft:total_world_time":79378,"minecraft:interact_with_furnace":61,"minecraft:sleep_in_bed":2,"minecraft:time_since_rest":2899,"minecraft:damage_taken":1563,"minecraft:damage_dealt":7012,"minecraft:fly_one_cm":271708,"minecraft:swim_one_cm":8895,"minecraft:open_chest":9,"minecraft:crouch_one_cm":18727,"minecraft:fall_one_cm":42266},"minecraft:picked_up":{"minecraft:charcoal":4,"minecraft:crafting_table":10,"minecraft:ladder":2,"minecraft:anvil":1,"minecraft:stone_brick_wall":1,"minecraft:string":25,"minecraft:gold_nugget":18,"minecraft:cobbled_deepslate":55,"minecraft:beef":10,"minecraft:observer":2,"minecraft:iron_nugget":3,"minecraft:chest":1,"minecraft:furnace":17,"minecraft:raw_iron":218,"minecraft:acacia_log":4,"minecraft:porkchop":5,"minecraft:redstone":71,"alexsmobs:centipede_leg":2,"minecraft:arrow":7,"minecraft:rotten_flesh":3,"minecraft:hay_block":5,"minecraft:gold_ingot":2,"sophisticatedbackpacks:copper_backpack":1,"minecraft:mutton":22,"minecraft:obsidian":4,"minecraft:white_wool":8,"minecraft:cobblestone":42,"minecraft:feather":1,"minecraft:cooked_beef":1,"minecraft:leather":2,"minecraft:tuff":17,"minecraft:oak_log":12,"minecraft:gunpowder":2,"minecraft:lapis_lazuli":135,"minecraft:dirt":30,"minecraft:bone":4,"minecraft:stone_bricks":5,"minecraft:bow":1,"minecraft:wheat_seeds":3,"minecraft:raw_gold":17,"alexsmobs:cockroach_wing_fragment":1,"minecraft:iron_ingot":8,"minecraft:grindstone":1,"minecraft:rabbit":4,"minecraft:iron_sword":2,"minecraft:book":95,"minecraft:gravel":4,"minecraft:white_bed":1,"minecraft:spider_eye":3,"minecraft:diamond":25,"minecraft:gray_wool":5,"minecraft:damaged_anvil":1,"minecraft:black_wool":1,"minecraft:coal":70,"iceandfire:raw_silver":8,"minecraft:hopper":2},"minecraft:mined":{"minecraft:tuff":16,"minecraft:white_bed":1,"iceandfire:silver_ore":8,"minecraft:deepslate_diamond_ore":25,"minecraft:obsidian":4,"minecraft:acacia_log":4,"minecraft:grass_block":1,"minecraft:stone_brick_wall":1,"minecraft:hopper":2,"minecraft:hay_block":5,"minecraft:redstone_ore":2,"minecraft:furnace":18,"minecraft:iron_ore":43,"minecraft:cobbled_deepslate":4,"minecraft:deepslate_lapis_ore":20,"minecraft:anvil":1,"minecraft:bookshelf":32,"minecraft:deepslate_iron_ore":120,"iceandfire:gold_pile":3,"minecraft:stone":41,"minecraft:deepslate_redstone_ore":14,"minecraft:acacia_leaves":1,"minecraft:observer":2,"minecraft:crafting_table":10,"minecraft:chest":1,"minecraft:campfire":2,"minecraft:tall_grass":36,"minecraft:cobblestone":1,"minecraft:lapis_ore":2,"minecraft:deepslate_gold_ore":17,"minecraft:grindstone":1,"minecraft:damaged_anvil":1,"minecraft:grass":41,"minecraft:coal_ore":44,"minecraft:oak_log":10,"minecraft:gravel":2,"minecraft:cobweb":16,"minecraft:stone_bricks":5,"skyfall:sky_rock":1,"minecraft:deepslate":43},"minecraft:used":{"minecraft:shield":23,"minecraft:iron_sword":144,"minecraft:rotten_flesh":2,"minecraft:iron_chestplate":1,"minecraft:torch":44,"minecraft:iron_axe":40,"minecraft:furnace":11,"minecraft:cooked_beef":3,"minecraft:cobbled_deepslate":26,"minecraft:iron_leggings":1,"minecraft:cooked_mutton":3,"minecraft:water_bucket":3,"minecraft:stone_pickaxe":79,"minecraft:wooden_pickaxe":3,"minecraft:crafting_table":9,"minecraft:white_bed":1,"minecraft:diamond_pickaxe":295,"minecraft:iron_pickaxe":67,"minecraft:stone_axe":50,"minecraft:cooked_porkchop":2,"minecraft:bucket":5},"minecraft:killed":{"minecraft:cave_spider":3,"minecraft:spider":13,"naturalist:robin":1,"naturalist:snail":1,"minecraft:skeleton":4,"minecraft:pig":2,"naturalist:butterfly":1,"minecraft:sheep":12,"minecraft:zombie":4,"alexsmobs:cockroach":1,"minecraft:cow":4},"minecraft:crafted":{"minecraft:oak_planks":32,"minecraft:furnace":3,"minecraft:cooked_mutton":10,"minecraft:iron_boots":1,"minecraft:iron_axe":1,"minecraft:stone_pickaxe":1,"minecraft:cooked_beef":2,"minecraft:wooden_pickaxe":1,"minecraft:iron_helmet":1,"minecraft:iron_sword":1,"minecraft:bucket":2,"minecraft:stone_axe":1,"minecraft:air":0,"minecraft:iron_chestplate":1,"minecraft:diamond_pickaxe":1,"minecraft:shield":1,"minecraft:stick":28,"minecraft:iron_ingot":36,"minecraft:iron_pickaxe":1,"minecraft:iron_leggings":1,"minecraft:white_bed":1,"minecraft:acacia_planks":16,"minecraft:torch":52,"minecraft:shears":1}},"DataVersion":3465}