{"stats":{"minecraft:dropped":{"iceandfire:raw_silver":8,"minecraft:wheat_seeds":2,"minecraft:feather":1,"minecraft:dirt":1,"minecraft:stone_pickaxe":1,"minecraft:wooden_pickaxe":1,"minecraft:string":1,"minecraft:bone":2},"minecraft:custom":{"minecraft:interact_with_furnace":45,"minecraft:mob_kills":15,"minecraft:interact_with_crafting_table":22,"minecraft:leave_game":1,"minecraft:time_since_death":144,"minecraft:climb_one_cm":639,"minecraft:time_since_rest":175,"minecraft:sprint_one_cm":67907,"minecraft:damage_taken":1102,"minecraft:walk_one_cm":51922,"minecraft:damage_blocked_by_shield":200,"minecraft:drop":8,"minecraft:damage_dealt":2119,"minecraft:swim_one_cm":3864,"minecraft:fly_one_cm":98022,"minecraft:crouch_one_cm":9169,"minecraft:play_time":31378,"minecraft:deaths":3,"minecraft:sneak_time":3529,"minecraft:walk_under_water_one_cm":662,"minecraft:jump":484,"minecraft:walk_on_water_one_cm":1584,"minecraft:total_world_time":31378,"minecraft:fall_one_cm":12809},"minecraft:picked_up":{"minecraft:crafting_table":5,"minecraft:feather":1,"minecraft:oak_log":7,"minecraft:dirt":1,"minecraft:lapis_lazuli":54,"minecraft:string":11,"minecraft:bone":2,"minecraft:wheat_seeds":2,"minecraft:cobbled_deepslate":13,"minecraft:iron_ingot":3,"minecraft:furnace":5,"minecraft:raw_iron":60,"minecraft:acacia_log":4,"minecraft:spider_eye":1,"minecraft:arrow":1,"minecraft:rotten_flesh":1,"minecraft:diamond":12,"minecraft:white_wool":2,"minecraft:mutton":2,"minecraft:coal":49,"iceandfire:raw_silver":8,"minecraft:cobblestone":36},"minecraft:mined":{"iceandfire:silver_ore":8,"minecraft:deepslate_diamond_ore":12,"minecraft:crafting_table":5,"minecraft:acacia_log":4,"minecraft:grass_block":1,"minecraft:tall_grass":22,"minecraft:cobblestone":1,"minecraft:lapis_ore":2,"minecraft:furnace":6,"minecraft:iron_ore":42,"minecraft:cobbled_deepslate":3,"minecraft:deepslate_lapis_ore":7,"minecraft:grass":21,"minecraft:oak_log":5,"minecraft:coal_ore":26,"minecraft:deepslate_iron_ore":18,"minecraft:cobweb":5,"minecraft:stone":35,"minecraft:deepslate":10},"minecraft:killed":{"minecraft:cave_spider":2,"naturalist:butterfly":1,"minecraft:spider":6,"naturalist:robin":1,"minecraft:sheep":2,"minecraft:skeleton":1,"minecraft:zombie":1},"minecraft:used":{"minecraft:cooked_mutton":2,"minecraft:stone_pickaxe":79,"minecraft:wooden_pickaxe":3,"minecraft:shield":9,"minecraft:iron_sword":29,"minecraft:rotten_flesh":1,"minecraft:iron_chestplate":1,"minecraft:torch":21,"minecraft:crafting_table":5,"minecraft:diamond_pickaxe":29,"minecraft:iron_pickaxe":61,"minecraft:stone_axe":36,"minecraft:furnace":7,"minecraft:cooked_porkchop":2,"minecraft:cobbled_deepslate":11,"minecraft:iron_leggings":1},"minecraft:crafted":{"minecraft:oak_planks":12,"minecraft:wooden_pickaxe":1,"minecraft:iron_helmet":1,"minecraft:iron_sword":1,"minecraft:furnace":3,"minecraft:stone_axe":1,"minecraft:cooked_mutton":2,"minecraft:air":0,"minecraft:iron_boots":1,"minecraft:iron_chestplate":1,"minecraft:diamond_pickaxe":1,"minecraft:shield":1,"minecraft:stick":20,"minecraft:iron_ingot":32,"minecraft:iron_pickaxe":1,"minecraft:stone_pickaxe":1,"minecraft:iron_leggings":1,"minecraft:acacia_planks":16,"minecraft:torch":28}},"DataVersion":3465}