{"stats":{"minecraft:dropped":{"minecraft:iron_sword":2,"iceandfire:raw_silver":8,"minecraft:wheat_seeds":2,"minecraft:feather":1,"minecraft:dirt":1,"alexsmobs:cockroach_wing_fragment":1,"minecraft:stone_pickaxe":1,"minecraft:wooden_pickaxe":1,"minecraft:string":1,"minecraft:bone":2},"minecraft:custom":{"minecraft:interact_with_furnace":45,"minecraft:mob_kills":29,"minecraft:interact_with_crafting_table":23,"minecraft:leave_game":1,"minecraft:time_since_death":11877,"minecraft:climb_one_cm":723,"minecraft:time_since_rest":11899,"minecraft:sprint_one_cm":134427,"minecraft:damage_taken":1510,"minecraft:walk_one_cm":108605,"minecraft:damage_blocked_by_shield":650,"minecraft:drop":11,"minecraft:damage_dealt":4901,"minecraft:swim_one_cm":3864,"minecraft:fly_one_cm":170659,"minecraft:crouch_one_cm":14417,"minecraft:play_time":55378,"minecraft:deaths":4,"minecraft:sneak_time":5081,"minecraft:walk_under_water_one_cm":662,"minecraft:jump":939,"minecraft:walk_on_water_one_cm":1584,"minecraft:total_world_time":55378,"minecraft:fall_one_cm":24570},"minecraft:picked_up":{"minecraft:crafting_table":7,"minecraft:feather":1,"minecraft:tuff":17,"minecraft:oak_log":7,"minecraft:gunpowder":2,"minecraft:dirt":1,"minecraft:lapis_lazuli":135,"minecraft:string":25,"minecraft:bone":2,"minecraft:wheat_seeds":2,"alexsmobs:cockroach_wing_fragment":1,"minecraft:cobbled_deepslate":46,"minecraft:raw_gold":12,"minecraft:iron_ingot":3,"minecraft:iron_sword":2,"minecraft:furnace":6,"minecraft:raw_iron":140,"minecraft:acacia_log":4,"minecraft:gravel":4,"minecraft:redstone":67,"alexsmobs:centipede_leg":2,"minecraft:spider_eye":3,"minecraft:arrow":3,"minecraft:rotten_flesh":1,"minecraft:diamond":25,"minecraft:white_wool":2,"minecraft:mutton":2,"minecraft:coal":49,"iceandfire:raw_silver":8,"minecraft:cobblestone":37},"minecraft:mined":{"minecraft:deepslate_redstone_ore":13,"minecraft:tuff":16,"iceandfire:silver_ore":8,"minecraft:deepslate_diamond_ore":25,"minecraft:crafting_table":7,"minecraft:acacia_log":4,"minecraft:grass_block":1,"minecraft:tall_grass":22,"minecraft:cobblestone":1,"minecraft:deepslate_gold_ore":12,"minecraft:lapis_ore":2,"minecraft:redstone_ore":2,"minecraft:furnace":7,"minecraft:iron_ore":43,"minecraft:cobbled_deepslate":4,"minecraft:deepslate_lapis_ore":20,"minecraft:grass":21,"minecraft:oak_log":5,"minecraft:coal_ore":26,"minecraft:deepslate_iron_ore":99,"minecraft:gravel":2,"minecraft:cobweb":16,"minecraft:stone":36,"minecraft:deepslate":34},"minecraft:killed":{"minecraft:cave_spider":3,"naturalist:butterfly":1,"minecraft:spider":13,"naturalist:robin":1,"minecraft:sheep":2,"minecraft:skeleton":3,"alexsmobs:cockroach":1,"minecraft:zombie":3},"minecraft:used":{"minecraft:cooked_mutton":2,"minecraft:stone_pickaxe":79,"minecraft:wooden_pickaxe":3,"minecraft:shield":20,"minecraft:iron_sword":94,"minecraft:rotten_flesh":1,"minecraft:iron_chestplate":1,"minecraft:torch":44,"minecraft:crafting_table":6,"minecraft:diamond_pickaxe":202,"minecraft:iron_pickaxe":66,"minecraft:stone_axe":38,"minecraft:furnace":7,"minecraft:cooked_porkchop":2,"minecraft:bucket":1,"minecraft:cobbled_deepslate":26,"minecraft:iron_leggings":1},"minecraft:crafted":{"minecraft:oak_planks":12,"minecraft:wooden_pickaxe":1,"minecraft:iron_helmet":1,"minecraft:iron_sword":1,"minecraft:furnace":3,"minecraft:bucket":1,"minecraft:stone_axe":1,"minecraft:cooked_mutton":2,"minecraft:air":0,"minecraft:iron_boots":1,"minecraft:iron_chestplate":1,"minecraft:diamond_pickaxe":1,"minecraft:shield":1,"minecraft:stick":24,"minecraft:iron_ingot":32,"minecraft:iron_pickaxe":1,"minecraft:stone_pickaxe":1,"minecraft:iron_leggings":1,"minecraft:acacia_planks":16,"minecraft:torch":52}},"DataVersion":3465}