{"stats":{"minecraft:dropped":{"minecraft:iron_sword":2,"iceandfire:raw_silver":8,"minecraft:wheat_seeds":2,"minecraft:feather":1,"minecraft:dirt":1,"minecraft:stone_pickaxe":1,"minecraft:wooden_pickaxe":1,"minecraft:string":1,"minecraft:bone":2},"minecraft:custom":{"minecraft:interact_with_furnace":45,"minecraft:mob_kills":21,"minecraft:interact_with_crafting_table":22,"minecraft:leave_game":1,"minecraft:time_since_death":12144,"minecraft:climb_one_cm":639,"minecraft:time_since_rest":12175,"minecraft:sprint_one_cm":96949,"minecraft:damage_taken":1355,"minecraft:walk_one_cm":72664,"minecraft:damage_blocked_by_shield":315,"minecraft:drop":10,"minecraft:damage_dealt":3251,"minecraft:swim_one_cm":3864,"minecraft:fly_one_cm":130326,"minecraft:crouch_one_cm":10956,"minecraft:play_time":43378,"minecraft:deaths":3,"minecraft:sneak_time":4196,"minecraft:walk_under_water_one_cm":662,"minecraft:jump":651,"minecraft:walk_on_water_one_cm":1584,"minecraft:total_world_time":43378,"minecraft:fall_one_cm":17649},"minecraft:picked_up":{"minecraft:crafting_table":6,"minecraft:feather":1,"minecraft:oak_log":7,"minecraft:dirt":1,"minecraft:lapis_lazuli":79,"minecraft:string":20,"minecraft:bone":2,"minecraft:wheat_seeds":2,"minecraft:cobbled_deepslate":22,"minecraft:iron_ingot":3,"minecraft:iron_sword":2,"minecraft:furnace":6,"minecraft:raw_iron":77,"minecraft:acacia_log":4,"minecraft:redstone":22,"alexsmobs:centipede_leg":2,"minecraft:spider_eye":3,"minecraft:arrow":1,"minecraft:rotten_flesh":1,"minecraft:diamond":24,"minecraft:white_wool":2,"minecraft:mutton":2,"minecraft:coal":49,"iceandfire:raw_silver":8,"minecraft:cobblestone":36},"minecraft:mined":{"minecraft:deepslate_redstone_ore":5,"iceandfire:silver_ore":8,"minecraft:deepslate_diamond_ore":24,"minecraft:crafting_table":6,"minecraft:acacia_log":4,"minecraft:grass_block":1,"minecraft:tall_grass":22,"minecraft:cobblestone":1,"minecraft:lapis_ore":2,"minecraft:furnace":7,"minecraft:iron_ore":42,"minecraft:cobbled_deepslate":3,"minecraft:deepslate_lapis_ore":11,"minecraft:grass":21,"minecraft:oak_log":5,"minecraft:coal_ore":26,"minecraft:deepslate_iron_ore":35,"minecraft:cobweb":12,"minecraft:stone":35,"minecraft:deepslate":19},"minecraft:killed":{"minecraft:cave_spider":3,"naturalist:butterfly":1,"minecraft:spider":11,"naturalist:robin":1,"minecraft:sheep":2,"minecraft:skeleton":1,"minecraft:zombie":1},"minecraft:used":{"minecraft:cooked_mutton":2,"minecraft:stone_pickaxe":79,"minecraft:wooden_pickaxe":3,"minecraft:shield":12,"minecraft:iron_sword":59,"minecraft:rotten_flesh":1,"minecraft:iron_chestplate":1,"minecraft:torch":28,"minecraft:crafting_table":5,"minecraft:diamond_pickaxe":74,"minecraft:iron_pickaxe":64,"minecraft:stone_axe":37,"minecraft:furnace":7,"minecraft:cooked_porkchop":2,"minecraft:cobbled_deepslate":15,"minecraft:iron_leggings":1},"minecraft:crafted":{"minecraft:oak_planks":12,"minecraft:wooden_pickaxe":1,"minecraft:iron_helmet":1,"minecraft:iron_sword":1,"minecraft:furnace":3,"minecraft:stone_axe":1,"minecraft:cooked_mutton":2,"minecraft:air":0,"minecraft:iron_boots":1,"minecraft:iron_chestplate":1,"minecraft:diamond_pickaxe":1,"minecraft:shield":1,"minecraft:stick":20,"minecraft:iron_ingot":32,"minecraft:iron_pickaxe":1,"minecraft:stone_pickaxe":1,"minecraft:iron_leggings":1,"minecraft:acacia_planks":16,"minecraft:torch":28}},"DataVersion":3465}