{"stats":{"minecraft:dropped":{"minecraft:gravel":4,"minecraft:iron_sword":2,"iceandfire:raw_silver":8,"minecraft:stone_axe":1,"minecraft:wheat_seeds":3,"minecraft:tuff":17,"minecraft:feather":1,"minecraft:rotten_flesh":1,"minecraft:dirt":1,"alexsmobs:cockroach_wing_fragment":1,"minecraft:chest":1,"minecraft:bow":1,"minecraft:stone_pickaxe":1,"minecraft:wooden_pickaxe":1,"minecraft:string":1,"minecraft:bone":4},"minecraft:custom":{"minecraft:interact_with_furnace":59,"minecraft:mob_kills":43,"minecraft:interact_with_crafting_table":28,"minecraft:leave_game":1,"minecraft:time_since_death":23877,"minecraft:sleep_in_bed":1,"minecraft:climb_one_cm":1079,"minecraft:time_since_rest":3100,"minecraft:sprint_one_cm":155169,"minecraft:damage_taken":1543,"minecraft:walk_one_cm":138814,"minecraft:damage_blocked_by_shield":735,"minecraft:drop":19,"minecraft:damage_dealt":6472,"minecraft:damage_dealt_absorbed":112,"minecraft:swim_one_cm":8895,"minecraft:fly_one_cm":229146,"minecraft:open_chest":1,"minecraft:crouch_one_cm":15359,"minecraft:play_time":67378,"minecraft:deaths":4,"minecraft:sneak_time":5358,"minecraft:walk_under_water_one_cm":1006,"minecraft:jump":1266,"minecraft:walk_on_water_one_cm":5699,"minecraft:total_world_time":67378,"minecraft:fall_one_cm":34936},"minecraft:picked_up":{"minecraft:cooked_beef":1,"minecraft:crafting_table":10,"minecraft:feather":1,"minecraft:leather":1,"minecraft:tuff":17,"minecraft:oak_log":12,"minecraft:gunpowder":2,"minecraft:dirt":1,"minecraft:lapis_lazuli":135,"minecraft:string":25,"minecraft:bone":4,"minecraft:bow":1,"minecraft:wheat_seeds":3,"alexsmobs:cockroach_wing_fragment":1,"minecraft:cobbled_deepslate":55,"minecraft:raw_gold":17,"minecraft:beef":3,"minecraft:iron_ingot":6,"minecraft:chest":1,"minecraft:iron_sword":2,"minecraft:furnace":10,"minecraft:raw_iron":218,"minecraft:acacia_log":4,"minecraft:gravel":4,"minecraft:white_bed":1,"minecraft:redstone":71,"alexsmobs:centipede_leg":2,"minecraft:spider_eye":3,"minecraft:arrow":7,"minecraft:rotten_flesh":3,"minecraft:diamond":25,"minecraft:gray_wool":2,"sophisticatedbackpacks:copper_backpack":1,"minecraft:white_wool":8,"minecraft:mutton":16,"minecraft:coal":50,"iceandfire:raw_silver":8,"minecraft:cobblestone":37},"minecraft:mined":{"minecraft:deepslate_redstone_ore":14,"minecraft:tuff":16,"minecraft:white_bed":1,"iceandfire:silver_ore":8,"minecraft:deepslate_diamond_ore":25,"minecraft:crafting_table":10,"minecraft:acacia_log":4,"minecraft:grass_block":1,"minecraft:chest":1,"minecraft:tall_grass":36,"minecraft:cobblestone":1,"minecraft:deepslate_gold_ore":17,"minecraft:lapis_ore":2,"minecraft:redstone_ore":2,"minecraft:furnace":11,"minecraft:iron_ore":43,"minecraft:cobbled_deepslate":4,"minecraft:deepslate_lapis_ore":20,"minecraft:grass":40,"minecraft:oak_log":10,"minecraft:coal_ore":26,"minecraft:deepslate_iron_ore":120,"minecraft:gravel":2,"minecraft:cobweb":16,"minecraft:stone":36,"minecraft:deepslate":43},"minecraft:killed":{"minecraft:cave_spider":3,"naturalist:butterfly":1,"minecraft:spider":13,"naturalist:robin":1,"naturalist:snail":1,"minecraft:sheep":10,"minecraft:skeleton":4,"alexsmobs:cockroach":1,"minecraft:zombie":4,"minecraft:cow":2},"minecraft:used":{"minecraft:water_bucket":1,"minecraft:cooked_mutton":3,"minecraft:stone_pickaxe":79,"minecraft:wooden_pickaxe":3,"minecraft:shield":23,"minecraft:iron_sword":134,"minecraft:rotten_flesh":2,"minecraft:iron_chestplate":1,"minecraft:torch":44,"minecraft:crafting_table":9,"minecraft:white_bed":1,"minecraft:diamond_pickaxe":243,"minecraft:iron_axe":2,"minecraft:iron_pickaxe":67,"minecraft:stone_axe":50,"minecraft:furnace":11,"minecraft:cooked_porkchop":2,"minecraft:bucket":3,"minecraft:cooked_beef":3,"minecraft:cobbled_deepslate":26,"minecraft:iron_leggings":1},"minecraft:crafted":{"minecraft:cooked_beef":2,"minecraft:oak_planks":32,"minecraft:wooden_pickaxe":1,"minecraft:iron_helmet":1,"minecraft:iron_sword":1,"minecraft:furnace":3,"minecraft:bucket":2,"minecraft:stone_axe":1,"minecraft:cooked_mutton":10,"minecraft:air":0,"minecraft:iron_boots":1,"minecraft:iron_chestplate":1,"minecraft:diamond_pickaxe":1,"minecraft:shield":1,"minecraft:iron_axe":1,"minecraft:stick":28,"minecraft:iron_ingot":36,"minecraft:iron_pickaxe":1,"minecraft:stone_pickaxe":1,"minecraft:iron_leggings":1,"minecraft:white_bed":1,"minecraft:acacia_planks":16,"minecraft:torch":52}},"DataVersion":3465}