{"stats":{"minecraft:broken":{"minecraft:iron_pickaxe":1},"minecraft:used":{"minecraft:flint_and_steel":2,"minecraft:shield":53,"minecraft:iron_sword":416,"minecraft:rotten_flesh":2,"minecraft:netherrack":12,"minecraft:iron_chestplate":1,"minecraft:torch":203,"minecraft:raw_iron_block":1,"minecraft:obsidian":4,"minecraft:lava_bucket":3,"minecraft:bookshelf":18,"minecraft:lantern":4,"minecraft:iron_axe":110,"minecraft:furnace":11,"minecraft:cooked_beef":3,"minecraft:cobbled_deepslate":33,"minecraft:iron_leggings":1,"minecraft:cooked_mutton":5,"minecraft:water_bucket":9,"minecraft:stone_pickaxe":79,"minecraft:wooden_pickaxe":3,"minecraft:white_wool":8,"minecraft:glow_berries":10,"minecraft:crafting_table":12,"minecraft:white_bed":4,"minecraft:diamond_pickaxe":995,"minecraft:bread":51,"minecraft:iron_pickaxe":253,"minecraft:stone_axe":50,"minecraft:cobblestone":12,"minecraft:grindstone":1,"minecraft:cooked_porkchop":2,"minecraft:andesite":3,"minecraft:bucket":14},"minecraft:custom":{"minecraft:mob_kills":106,"minecraft:interact_with_crafting_table":35,"minecraft:open_barrel":33,"minecraft:leave_game":3,"minecraft:time_since_death":186009,"minecraft:climb_one_cm":1259,"minecraft:sprint_one_cm":391862,"minecraft:walk_one_cm":366407,"minecraft:damage_blocked_by_shield":1666,"minecraft:drop":91,"minecraft:damage_dealt_absorbed":112,"minecraft:play_time":229510,"minecraft:sneak_time":18035,"minecraft:deaths":4,"minecraft:walk_under_water_one_cm":2113,"minecraft:interact_with_brewingstand":1,"minecraft:jump":3350,"minecraft:interact_with_blast_furnace":1,"minecraft:walk_on_water_one_cm":14555,"minecraft:total_world_time":229510,"minecraft:interact_with_furnace":65,"minecraft:interact_with_loom":1,"minecraft:interact_with_stonecutter":1,"minecraft:sleep_in_bed":3,"minecraft:time_since_rest":44346,"minecraft:damage_taken":3838,"minecraft:damage_dealt":17580,"minecraft:swim_one_cm":14267,"minecraft:fly_one_cm":581897,"minecraft:open_chest":28,"minecraft:crouch_one_cm":57673,"minecraft:fall_one_cm":96653},"minecraft:picked_up":{"minecraft:charcoal":4,"minecraft:crafting_table":11,"minecraft:ladder":4,"minecraft:clay_ball":40,"minecraft:anvil":1,"minecraft:stone_brick_wall":1,"minecraft:string":30,"minecraft:raw_copper":2,"minecraft:soul_soil":4,"minecraft:blackstone":2,"alexsmobs:blood_sac":1,"minecraft:gold_nugget":43,"minecraft:cobbled_deepslate":92,"minecraft:beef":12,"minecraft:observer":2,"minecraft:azalea":4,"minecraft:iron_nugget":24,"minecraft:chest":1,"skyfall:sky_rock":4,"minecraft:furnace":18,"minecraft:tipped_arrow":2,"minecraft:raw_iron":278,"minecraft:torch":1,"minecraft:acacia_log":4,"minecraft:porkchop":5,"minecraft:redstone":71,"alexsmobs:centipede_leg":2,"minecraft:arrow":13,"minecraft:rotten_flesh":22,"minecraft:hay_block":5,"minecraft:gold_ingot":2,"sophisticatedbackpacks:copper_backpack":1,"minecraft:obsidian":18,"minecraft:mutton":22,"minecraft:bone_block":3,"minecraft:snowball":1,"minecraft:white_wool":8,"minecraft:cobblestone":70,"minecraft:birch_log":8,"minecraft:magma_block":9,"minecraft:feather":1,"minecraft:cooked_beef":1,"minecraft:andesite":18,"minecraft:leather":6,"skyfall:stardust":2,"minecraft:tuff":20,"minecraft:oak_log":44,"minecraft:gunpowder":2,"minecraft:lapis_lazuli":223,"minecraft:dirt":113,"minecraft:lantern":4,"minecraft:bone":11,"minecraft:stone_bricks":5,"minecraft:bow":2,"minecraft:wheat_seeds":8,"minecraft:raw_gold":28,"alexsmobs:cockroach_wing_fragment":1,"minecraft:grindstone":1,"minecraft:iron_ingot":8,"minecraft:rabbit":4,"minecraft:iron_sword":2,"minecraft:soul_sand":2,"minecraft:book":95,"minecraft:raw_iron_block":1,"minecraft:quartz":84,"minecraft:gravel":4,"minecraft:sand":6,"minecraft:white_bed":1,"minecraft:crying_obsidian":1,"minecraft:spider_eye":3,"minecraft:diamond":37,"minecraft:gray_wool":5,"minecraft:emerald":1,"minecraft:bread":64,"minecraft:netherrack":501,"minecraft:damaged_anvil":1,"minecraft:black_wool":1,"minecraft:hopper":2,"minecraft:coal":256,"iceandfire:raw_silver":9},"minecraft:killed":{"minecraft:vex":1,"minecraft:cave_spider":3,"minecraft:spider":18,"naturalist:robin":1,"naturalist:snail":1,"minecraft:skeleton":16,"minecraft:pig":2,"naturalist:butterfly":1,"alexsmobs:crimson_mosquito":1,"minecraft:sheep":12,"minecraft:zombie":37,"alexsmobs:cockroach":1,"minecraft:stray":2,"minecraft:cow":6},"minecraft:crafted":{"minecraft:oak_planks":160,"minecraft:raw_iron":18,"minecraft:furnace":3,"minecraft:bookshelf":18,"minecraft:cooked_mutton":10,"minecraft:iron_boots":1,"minecraft:iron_axe":1,"minecraft:stone_pickaxe":1,"minecraft:cooked_beef":2,"minecraft:crafting_table":1,"minecraft:wooden_pickaxe":1,"minecraft:iron_helmet":1,"minecraft:iron_sword":1,"minecraft:birch_planks":32,"minecraft:bucket":2,"minecraft:stone_axe":1,"minecraft:air":0,"minecraft:iron_chestplate":1,"minecraft:diamond_pickaxe":1,"minecraft:shield":1,"minecraft:stick":116,"minecraft:iron_ingot":36,"minecraft:iron_pickaxe":1,"minecraft:iron_leggings":1,"minecraft:white_bed":3,"minecraft:acacia_planks":16,"minecraft:torch":312,"minecraft:shears":1},"minecraft:dropped":{"minecraft:iron_sword":2,"iceandfire:raw_silver":9,"minecraft:soul_sand":2,"minecraft:wheat_seeds":8,"minecraft:iron_helmet":1,"minecraft:feather":1,"minecraft:cobblestone":28,"minecraft:book":2,"minecraft:coal":20,"minecraft:stick":2,"minecraft:dirt":113,"skyfall:sky_rock":4,"minecraft:gold_nugget":22,"minecraft:sand":6,"minecraft:string":5,"minecraft:gold_ingot":2,"minecraft:bone":4,"minecraft:gravel":4,"minecraft:stone_axe":1,"minecraft:blackstone":2,"minecraft:soul_soil":4,"minecraft:iron_nugget":24,"minecraft:cobbled_deepslate":25,"minecraft:raw_copper":2,"minecraft:tuff":17,"minecraft:rotten_flesh":10,"minecraft:clay_ball":40,"minecraft:pumpkin_seeds":2,"alexsmobs:cockroach_wing_fragment":1,"minecraft:andesite":15,"minecraft:stone_brick_wall":1,"minecraft:chest":1,"minecraft:azalea":4,"minecraft:ladder":4,"minecraft:spider_eye":3,"minecraft:stone_bricks":5,"minecraft:arrow":3,"minecraft:bow":1,"minecraft:stone_pickaxe":1,"minecraft:wooden_pickaxe":1,"minecraft:magma_block":9,"minecraft:quartz":54,"skyfall:stardust":2,"minecraft:netherrack":489},"minecraft:mined":{"minecraft:crying_obsidian":1,"minecraft:tuff":19,"minecraft:white_bed":1,"iceandfire:silver_ore":8,"minecraft:deepslate_diamond_ore":37,"minecraft:obsidian":15,"minecraft:acacia_log":4,"minecraft:grass_block":2,"minecraft:stone_brick_wall":1,"iceandfire:deepslate_silver_ore":1,"minecraft:soul_soil":2,"minecraft:hopper":2,"minecraft:large_fern":1,"minecraft:hay_block":5,"minecraft:raw_iron_block":1,"minecraft:magma_block":9,"minecraft:redstone_ore":2,"minecraft:furnace":18,"minecraft:polished_basalt":1,"minecraft:iron_ore":52,"minecraft:cobbled_deepslate":5,"minecraft:fire":48,"minecraft:andesite":21,"minecraft:deepslate_lapis_ore":34,"minecraft:anvil":1,"minecraft:bookshelf":32,"minecraft:deepslate_iron_ore":173,"iceandfire:gold_pile":3,"minecraft:flowering_azalea_leaves":3,"minecraft:azalea_leaves":7,"minecraft:stone":59,"minecraft:bone_block":3,"minecraft:deepslate_redstone_ore":14,"minecraft:acacia_leaves":1,"minecraft:soul_sand":1,"minecraft:soul_fire":4,"minecraft:observer":2,"minecraft:crafting_table":11,"minecraft:chest":1,"minecraft:copper_ore":1,"minecraft:campfire":2,"minecraft:nether_quartz_ore":84,"minecraft:tall_grass":42,"minecraft:cobblestone":1,"minecraft:lapis_ore":2,"minecraft:deepslate_gold_ore":27,"minecraft:grindstone":1,"minecraft:damaged_anvil":1,"minecraft:birch_log":8,"minecraft:blue_ice":1,"minecraft:grass":44,"minecraft:oak_log":42,"minecraft:coal_ore":230,"minecraft:dirt":4,"minecraft:gravel":2,"minecraft:cobweb":16,"minecraft:stone_bricks":5,"minecraft:netherrack":373,"skyfall:sky_rock":15,"minecraft:gold_ore":1,"minecraft:oak_leaves":3,"minecraft:deepslate":82,"minecraft:fern":1}},"DataVersion":3465}