{"stats":{"minecraft:dropped":{"alexsmobs:animal_dictionary":1},"minecraft:killed":{"iceandfire:ghost":1},"minecraft:used":{"minecraft:stone_sword":15,"minecraft:shield":1,"minecraft:stone_axe":2,"minecraft:dirt":3,"minecraft:cobblestone":13,"minecraft:crafting_table":1},"minecraft:custom":{"minecraft:time_since_rest":2931,"minecraft:sprint_one_cm":27481,"minecraft:damage_taken":647,"minecraft:walk_one_cm":32171,"minecraft:damage_blocked_by_shield":30,"minecraft:trigger_trapped_chest":1,"minecraft:mob_kills":1,"minecraft:drop":1,"minecraft:damage_dealt":566,"minecraft:swim_one_cm":5888,"minecraft:interact_with_crafting_table":8,"minecraft:fly_one_cm":69533,"minecraft:player_kills":2,"minecraft:open_chest":1,"minecraft:crouch_one_cm":991,"minecraft:play_time":14978,"minecraft:deaths":2,"minecraft:sneak_time":283,"minecraft:walk_under_water_one_cm":3003,"minecraft:jump":384,"minecraft:leave_game":1,"minecraft:walk_on_water_one_cm":4794,"minecraft:time_since_death":2904,"minecraft:total_world_time":14978,"minecraft:fall_one_cm":10837},"minecraft:picked_up":{"minecraft:crafting_table":1,"minecraft:stripped_spruce_log":5,"minecraft:dirt":3,"minecraft:rotten_flesh":1,"minecraft:iron_ingot":1,"minecraft:cobblestone":24},"minecraft:crafted":{"minecraft:shield":1,"minecraft:crafting_table":1,"minecraft:spruce_planks":20,"minecraft:stick":16,"minecraft:stone_pickaxe":1,"minecraft:stone_sword":1,"minecraft:stone_axe":1},"minecraft:mined":{"minecraft:fire":1,"minecraft:stripped_spruce_log":5,"minecraft:crafting_table":1,"minecraft:grass":7,"minecraft:grass_block":1,"minecraft:vine":1,"minecraft:dirt":2,"minecraft:tall_grass":7}},"DataVersion":3465}