{"stats":{"minecraft:dropped":{"minecraft:wheat_seeds":36,"alexsmobs:animal_dictionary":1,"minecraft:beetroot_seeds":18,"minecraft:gold_nugget":1},"minecraft:custom":{"minecraft:mob_kills":13,"minecraft:interact_with_crafting_table":9,"minecraft:open_barrel":6,"minecraft:leave_game":1,"minecraft:time_since_death":25987,"minecraft:time_since_rest":26014,"minecraft:sprint_one_cm":86916,"minecraft:damage_taken":912,"minecraft:walk_one_cm":98882,"minecraft:damage_blocked_by_shield":110,"minecraft:trigger_trapped_chest":1,"minecraft:drop":4,"minecraft:damage_dealt":1613,"minecraft:talked_to_villager":1,"minecraft:swim_one_cm":26653,"minecraft:fly_one_cm":166080,"minecraft:player_kills":2,"minecraft:open_chest":19,"minecraft:crouch_one_cm":6813,"minecraft:play_time":38061,"minecraft:deaths":2,"minecraft:sneak_time":2498,"minecraft:walk_under_water_one_cm":10279,"minecraft:jump":1123,"minecraft:walk_on_water_one_cm":10149,"minecraft:total_world_time":38061,"minecraft:fall_one_cm":28313},"minecraft:picked_up":{"minecraft:birch_log":5,"minecraft:crafting_table":1,"minecraft:wheat":13,"minecraft:potato":40,"minecraft:oak_log":1,"minecraft:dirt":3,"minecraft:string":2,"naturalist:bass":1,"minecraft:beetroot":8,"minecraft:wheat_seeds":36,"minecraft:iron_ingot":1,"minecraft:book":15,"minecraft:raw_iron":3,"minecraft:stripped_spruce_log":5,"minecraft:carrot":9,"minecraft:spruce_log":8,"minecraft:spider_eye":1,"minecraft:rotten_flesh":1,"minecraft:arrow":1,"minecraft:tropical_fish":5,"minecraft:beetroot_seeds":18,"minecraft:oak_sapling":1,"minecraft:coal":11,"minecraft:cobblestone":27},"minecraft:mined":{"minecraft:crafting_table":1,"minecraft:grass_block":1,"minecraft:white_stained_glass_pane":1,"minecraft:tall_grass":8,"minecraft:cobblestone":1,"minecraft:carrots":2,"minecraft:birch_log":5,"minecraft:iron_ore":3,"minecraft:fire":1,"minecraft:wheat":13,"minecraft:spruce_log":8,"minecraft:birch_leaves":6,"minecraft:stripped_spruce_log":5,"minecraft:grass":8,"minecraft:bookshelf":6,"minecraft:oak_log":1,"minecraft:potatoes":11,"minecraft:coal_ore":11,"minecraft:beetroots":8,"minecraft:vine":1,"minecraft:dirt":2,"minecraft:stone":2,"minecraft:oak_leaves":3},"minecraft:killed":{"naturalist:butterfly":1,"minecraft:spider":2,"naturalist:snail":1,"minecraft:skeleton":1,"alexsmobs:blue_jay":1,"iceandfire:ghost":1,"naturalist:bass":1,"minecraft:tropical_fish":5},"minecraft:used":{"minecraft:stone_sword":44,"minecraft:birch_planks":20,"minecraft:stone_pickaxe":17,"minecraft:oak_planks":4,"minecraft:spruce_planks":2,"minecraft:shield":4,"minecraft:cookie":1,"minecraft:dirt":3,"minecraft:crafting_table":1,"minecraft:bread":7,"minecraft:stone_axe":31,"minecraft:cobblestone":19,"minecraft:oak_sapling":1,"minecraft:cooked_porkchop":2,"minecraft:pumpkin_pie":1},"minecraft:crafted":{"minecraft:oak_planks":4,"minecraft:crafting_table":1,"minecraft:spruce_planks":20,"minecraft:birch_planks":20,"minecraft:stone_axe":1,"minecraft:shield":1,"minecraft:stick":16,"minecraft:stone_pickaxe":1,"minecraft:stone_sword":1}},"DataVersion":3465}