{"stats":{"minecraft:dropped":{"minecraft:wheat_seeds":40,"minecraft:golden_helmet":1,"alexsmobs:banana_slug_slime":2,"minecraft:iron_helmet":1,"minecraft:cobblestone":6,"minecraft:item_frame":1,"minecraft:iron_leggings":1,"minecraft:gold_nugget":1,"iceandfire:dragonscales_white":2,"minecraft:string":2,"minecraft:spruce_sapling":1,"iceandfire:dragonbone":2,"minecraft:stone_axe":1,"minecraft:iron_nugget":6,"alexsmobs:animal_dictionary":1,"minecraft:beetroot":3,"minecraft:rotten_flesh":1,"minecraft:iron_boots":1,"minecraft:hay_block":2,"minecraft:iron_chestplate":1,"minecraft:beetroot_seeds":18,"minecraft:melon_seeds":3,"minecraft:arrow":1},"minecraft:picked_up":{"minecraft:crafting_table":5,"minecraft:iron_chestplate":1,"minecraft:wheat":14,"minecraft:chicken":2,"minecraft:string":2,"minecraft:iron_leggings":1,"minecraft:item_frame":1,"minecraft:beetroot":8,"minecraft:iron_nugget":3,"minecraft:birch_sapling":3,"minecraft:iron_boots":1,"iceandfire:ice_dragon_heart":1,"minecraft:furnace":4,"minecraft:stick":1,"minecraft:raw_iron":3,"iceandfire:dragonbone":11,"iceandfire:dragonscales_white":26,"sophisticatedbackpacks:backpack":1,"minecraft:porkchop":1,"minecraft:carrot":9,"iceandfire:dragon_skull_ice":1,"minecraft:arrow":7,"minecraft:rotten_flesh":2,"minecraft:tropical_fish":5,"minecraft:beetroot_seeds":18,"minecraft:hay_block":69,"minecraft:cobblestone":67,"minecraft:birch_log":5,"minecraft:feather":1,"minecraft:potato":40,"minecraft:oak_log":1,"minecraft:yellow_bed":1,"minecraft:dirt":3,"minecraft:lantern":1,"naturalist:bass":1,"minecraft:bone":3,"minecraft:apple":1,"minecraft:wheat_seeds":40,"minecraft:iron_ingot":4,"minecraft:book":63,"minecraft:gravel":1,"minecraft:sand":44,"minecraft:stripped_spruce_log":5,"minecraft:spruce_sapling":2,"minecraft:spruce_log":8,"minecraft:spider_eye":1,"minecraft:iron_helmet":1,"iceandfire:ice_dragon_flesh":2,"alexsmobs:banana_slug_slime":2,"minecraft:oak_sapling":1,"minecraft:coal":18},"minecraft:custom":{"minecraft:interact_with_smithing_table":2,"minecraft:mob_kills":24,"minecraft:interact_with_anvil":1,"minecraft:interact_with_crafting_table":30,"minecraft:open_barrel":15,"minecraft:leave_game":1,"minecraft:time_since_death":26793,"minecraft:climb_one_cm":1489,"minecraft:sprint_one_cm":427327,"minecraft:walk_one_cm":291511,"minecraft:damage_blocked_by_shield":365,"minecraft:drop":29,"minecraft:damage_dealt_absorbed":80,"minecraft:talked_to_villager":11,"minecraft:play_time":128061,"minecraft:deaths":4,"minecraft:sneak_time":4942,"minecraft:walk_under_water_one_cm":16475,"minecraft:jump":3646,"minecraft:interact_with_blast_furnace":2,"minecraft:walk_on_water_one_cm":19878,"minecraft:total_world_time":128061,"minecraft:interact_with_furnace":77,"minecraft:interact_with_loom":1,"minecraft:sleep_in_bed":4,"minecraft:time_since_rest":708,"minecraft:damage_taken":1872,"minecraft:trigger_trapped_chest":1,"minecraft:damage_dealt":4331,"minecraft:fly_one_cm":702749,"minecraft:swim_one_cm":56109,"minecraft:player_kills":2,"minecraft:open_chest":171,"minecraft:crouch_one_cm":12076,"minecraft:interact_with_smoker":30,"minecraft:fall_one_cm":96021},"minecraft:mined":{"minecraft:grass_block":1,"minecraft:spruce_leaves":1,"minecraft:large_fern":1,"minecraft:hay_block":67,"minecraft:furnace":4,"minecraft:carrots":2,"minecraft:fire":6,"minecraft:iron_ore":3,"minecraft:stripped_spruce_log":5,"minecraft:potatoes":11,"minecraft:bookshelf":21,"minecraft:vine":1,"minecraft:stone":36,"minecraft:soul_fire":1,"minecraft:crafting_table":5,"minecraft:white_stained_glass_pane":1,"minecraft:cobblestone":1,"minecraft:tall_grass":8,"minecraft:purple_stained_glass":2,"minecraft:birch_log":5,"minecraft:wheat":13,"minecraft:sweet_berry_bush":2,"minecraft:spruce_log":8,"minecraft:birch_leaves":6,"minecraft:yellow_bed":1,"minecraft:grass":10,"minecraft:coal_ore":18,"minecraft:oak_log":1,"minecraft:beetroots":8,"minecraft:sand":44,"minecraft:dirt":2,"minecraft:oak_leaves":3},"minecraft:killed":{"minecraft:spider":3,"naturalist:snail":1,"minecraft:skeleton":3,"alexsmobs:blue_jay":1,"alexsmobs:banana_slug":1,"minecraft:chicken":2,"naturalist:bass":1,"naturalist:cardinal":1,"minecraft:tropical_fish":5,"minecraft:pig":1,"naturalist:butterfly":1,"minecraft:zombie":2,"iceandfire:ghost":1,"iceandfire:ice_dragon":1},"minecraft:used":{"minecraft:beetroot":8,"minecraft:stone_sword":52,"iceandfire:ghost_sword":11,"minecraft:tropical_fish":1,"iceandfire:dragon_skull_ice":1,"minecraft:spruce_planks":8,"minecraft:shield":13,"minecraft:iron_sword":38,"minecraft:dirt":3,"minecraft:iron_hoe":20,"minecraft:lantern":1,"minecraft:birch_sapling":3,"minecraft:sweet_berries":36,"minecraft:furnace":4,"minecraft:oak_sapling":1,"minecraft:cooked_cod":7,"minecraft:golden_axe":5,"minecraft:water_bucket":14,"minecraft:birch_planks":20,"minecraft:stone_pickaxe":17,"minecraft:baked_potato":4,"minecraft:oak_planks":4,"minecraft:cookie":1,"minecraft:crafting_table":4,"minecraft:apple":1,"minecraft:iron_pickaxe":45,"minecraft:bread":11,"minecraft:spruce_sapling":1,"minecraft:gravel":1,"minecraft:stone_axe":48,"minecraft:cobblestone":19,"minecraft:cooked_porkchop":2,"minecraft:bucket":14,"minecraft:pumpkin_pie":7},"minecraft:crafted":{"minecraft:oak_planks":4,"minecraft:furnace":4,"minecraft:glass":44,"minecraft:stone_pickaxe":1,"minecraft:wheat":18,"minecraft:glass_bottle":27,"minecraft:cooked_cod":7,"minecraft:crafting_table":1,"minecraft:spruce_planks":68,"minecraft:baked_potato":128,"iceandfire:armor_white_boots":1,"minecraft:birch_planks":20,"minecraft:stone_axe":1,"minecraft:air":0,"iceandfire:armor_white_leggings":1,"minecraft:shield":1,"iceandfire:armor_white_helmet":1,"minecraft:stick":16,"minecraft:iron_ingot":6,"iceandfire:armor_white_chestplate":1,"minecraft:stone_sword":1}},"DataVersion":3465}