{"stats":{"minecraft:dropped":{"minecraft:wheat_seeds":36,"minecraft:golden_helmet":1,"minecraft:iron_nugget":6,"alexsmobs:animal_dictionary":1,"minecraft:hay_block":2,"minecraft:beetroot_seeds":18,"minecraft:gold_nugget":1,"minecraft:arrow":1,"minecraft:string":2},"minecraft:custom":{"minecraft:interact_with_smithing_table":2,"minecraft:interact_with_anvil":1,"minecraft:mob_kills":13,"minecraft:interact_with_crafting_table":12,"minecraft:open_barrel":10,"minecraft:leave_game":1,"minecraft:time_since_death":37987,"minecraft:time_since_rest":38014,"minecraft:sprint_one_cm":127508,"minecraft:damage_taken":916,"minecraft:walk_one_cm":124345,"minecraft:damage_blocked_by_shield":110,"minecraft:trigger_trapped_chest":1,"minecraft:drop":10,"minecraft:damage_dealt":1613,"minecraft:talked_to_villager":1,"minecraft:swim_one_cm":26653,"minecraft:fly_one_cm":200677,"minecraft:player_kills":2,"minecraft:open_chest":70,"minecraft:crouch_one_cm":6813,"minecraft:play_time":50061,"minecraft:deaths":2,"minecraft:sneak_time":2504,"minecraft:walk_under_water_one_cm":10279,"minecraft:jump":1323,"minecraft:interact_with_blast_furnace":2,"minecraft:walk_on_water_one_cm":10462,"minecraft:total_world_time":50061,"minecraft:fall_one_cm":32876},"minecraft:picked_up":{"minecraft:birch_log":5,"minecraft:crafting_table":1,"minecraft:wheat":13,"minecraft:potato":40,"minecraft:oak_log":1,"minecraft:dirt":3,"minecraft:string":2,"naturalist:bass":1,"minecraft:beetroot":8,"minecraft:wheat_seeds":36,"minecraft:iron_ingot":1,"minecraft:iron_nugget":3,"minecraft:book":63,"minecraft:raw_iron":3,"minecraft:stripped_spruce_log":5,"minecraft:carrot":9,"minecraft:spruce_log":8,"minecraft:spider_eye":1,"minecraft:rotten_flesh":1,"minecraft:arrow":2,"minecraft:tropical_fish":5,"minecraft:beetroot_seeds":18,"minecraft:hay_block":4,"minecraft:oak_sapling":1,"minecraft:coal":11,"minecraft:cobblestone":27},"minecraft:mined":{"minecraft:crafting_table":1,"minecraft:grass_block":1,"minecraft:white_stained_glass_pane":1,"minecraft:tall_grass":8,"minecraft:cobblestone":1,"minecraft:hay_block":2,"minecraft:carrots":2,"minecraft:birch_log":5,"minecraft:iron_ore":3,"minecraft:fire":1,"minecraft:wheat":13,"minecraft:spruce_log":8,"minecraft:birch_leaves":6,"minecraft:stripped_spruce_log":5,"minecraft:grass":8,"minecraft:bookshelf":21,"minecraft:oak_log":1,"minecraft:potatoes":11,"minecraft:coal_ore":11,"minecraft:beetroots":8,"minecraft:vine":1,"minecraft:dirt":2,"minecraft:stone":2,"minecraft:oak_leaves":3},"minecraft:killed":{"naturalist:butterfly":1,"minecraft:spider":2,"naturalist:snail":1,"minecraft:skeleton":1,"alexsmobs:blue_jay":1,"iceandfire:ghost":1,"naturalist:bass":1,"minecraft:tropical_fish":5},"minecraft:used":{"minecraft:water_bucket":2,"minecraft:stone_sword":44,"minecraft:birch_planks":20,"minecraft:stone_pickaxe":17,"minecraft:oak_planks":4,"minecraft:spruce_planks":2,"minecraft:shield":4,"minecraft:cookie":1,"minecraft:dirt":3,"minecraft:crafting_table":1,"minecraft:bread":7,"minecraft:stone_axe":48,"minecraft:cobblestone":19,"minecraft:sweet_berries":3,"minecraft:oak_sapling":1,"minecraft:cooked_porkchop":2,"minecraft:bucket":1,"minecraft:pumpkin_pie":2},"minecraft:crafted":{"minecraft:oak_planks":4,"minecraft:crafting_table":1,"minecraft:spruce_planks":20,"minecraft:birch_planks":20,"minecraft:stone_axe":1,"minecraft:air":0,"minecraft:shield":1,"minecraft:stick":16,"minecraft:iron_ingot":6,"minecraft:stone_pickaxe":1,"minecraft:stone_sword":1,"minecraft:wheat":18}},"DataVersion":3465}