{"stats":{"minecraft:dropped":{"minecraft:stone_axe":1,"minecraft:wheat_seeds":36,"alexsmobs:banana_slug_slime":2,"minecraft:golden_helmet":1,"minecraft:iron_nugget":6,"alexsmobs:animal_dictionary":1,"minecraft:rotten_flesh":1,"minecraft:hay_block":2,"minecraft:melon_seeds":3,"minecraft:beetroot_seeds":18,"minecraft:gold_nugget":1,"minecraft:arrow":1,"minecraft:string":2},"minecraft:custom":{"minecraft:interact_with_smithing_table":2,"minecraft:interact_with_furnace":23,"minecraft:interact_with_anvil":1,"minecraft:mob_kills":23,"minecraft:interact_with_crafting_table":14,"minecraft:open_barrel":15,"minecraft:interact_with_loom":1,"minecraft:leave_game":1,"minecraft:time_since_death":79987,"minecraft:sleep_in_bed":3,"minecraft:climb_one_cm":381,"minecraft:time_since_rest":1998,"minecraft:sprint_one_cm":278791,"minecraft:damage_taken":1130,"minecraft:walk_one_cm":233862,"minecraft:damage_blocked_by_shield":335,"minecraft:trigger_trapped_chest":1,"minecraft:drop":16,"minecraft:damage_dealt":2923,"minecraft:damage_dealt_absorbed":80,"minecraft:talked_to_villager":8,"minecraft:swim_one_cm":35121,"minecraft:fly_one_cm":423611,"minecraft:player_kills":2,"minecraft:open_chest":134,"minecraft:crouch_one_cm":8803,"minecraft:play_time":92061,"minecraft:deaths":2,"minecraft:sneak_time":3088,"minecraft:walk_under_water_one_cm":10955,"minecraft:jump":2457,"minecraft:interact_with_blast_furnace":2,"minecraft:walk_on_water_one_cm":12964,"minecraft:interact_with_smoker":30,"minecraft:total_world_time":92061,"minecraft:fall_one_cm":62212},"minecraft:picked_up":{"minecraft:birch_log":5,"minecraft:crafting_table":3,"minecraft:wheat":13,"minecraft:feather":1,"minecraft:chicken":2,"minecraft:potato":40,"minecraft:oak_log":1,"minecraft:dirt":3,"minecraft:string":2,"minecraft:item_frame":1,"naturalist:bass":1,"minecraft:bone":3,"minecraft:beetroot":8,"minecraft:wheat_seeds":36,"minecraft:iron_ingot":4,"minecraft:iron_nugget":3,"minecraft:book":63,"minecraft:raw_iron":3,"sophisticatedbackpacks:backpack":1,"minecraft:porkchop":1,"minecraft:spruce_sapling":1,"minecraft:stripped_spruce_log":5,"minecraft:carrot":9,"minecraft:spruce_log":8,"minecraft:spider_eye":1,"minecraft:rotten_flesh":2,"minecraft:arrow":7,"minecraft:tropical_fish":5,"minecraft:beetroot_seeds":18,"minecraft:hay_block":41,"alexsmobs:banana_slug_slime":2,"minecraft:oak_sapling":1,"minecraft:coal":11,"minecraft:cobblestone":27},"minecraft:mined":{"minecraft:crafting_table":3,"minecraft:grass_block":1,"minecraft:white_stained_glass_pane":1,"minecraft:tall_grass":8,"minecraft:cobblestone":1,"minecraft:spruce_leaves":1,"minecraft:large_fern":1,"minecraft:hay_block":40,"minecraft:carrots":2,"minecraft:birch_log":5,"minecraft:iron_ore":3,"minecraft:fire":3,"minecraft:wheat":13,"minecraft:spruce_log":8,"minecraft:birch_leaves":6,"minecraft:stripped_spruce_log":5,"minecraft:grass":10,"minecraft:bookshelf":21,"minecraft:oak_log":1,"minecraft:potatoes":11,"minecraft:coal_ore":11,"minecraft:beetroots":8,"minecraft:vine":1,"minecraft:dirt":2,"minecraft:stone":2,"minecraft:oak_leaves":3},"minecraft:killed":{"minecraft:pig":1,"naturalist:butterfly":1,"minecraft:spider":3,"naturalist:snail":1,"minecraft:skeleton":3,"alexsmobs:banana_slug":1,"minecraft:zombie":2,"alexsmobs:blue_jay":1,"iceandfire:ghost":1,"minecraft:chicken":2,"naturalist:bass":1,"naturalist:cardinal":1,"minecraft:tropical_fish":5},"minecraft:used":{"minecraft:water_bucket":9,"minecraft:stone_sword":52,"minecraft:tropical_fish":1,"minecraft:birch_planks":20,"minecraft:stone_pickaxe":17,"minecraft:oak_planks":4,"minecraft:spruce_planks":3,"minecraft:shield":12,"minecraft:iron_sword":22,"minecraft:cookie":1,"minecraft:dirt":3,"minecraft:crafting_table":2,"minecraft:bread":7,"minecraft:spruce_sapling":1,"minecraft:stone_axe":48,"minecraft:cobblestone":19,"minecraft:sweet_berries":11,"minecraft:cooked_cod":7,"minecraft:oak_sapling":1,"minecraft:cooked_porkchop":2,"minecraft:bucket":9,"minecraft:pumpkin_pie":7,"minecraft:golden_axe":3},"minecraft:crafted":{"minecraft:cooked_cod":7,"minecraft:oak_planks":4,"minecraft:crafting_table":1,"minecraft:spruce_planks":36,"minecraft:baked_potato":128,"minecraft:birch_planks":20,"minecraft:stone_axe":1,"minecraft:air":0,"minecraft:shield":1,"minecraft:stick":16,"minecraft:iron_ingot":6,"minecraft:stone_pickaxe":1,"minecraft:stone_sword":1,"minecraft:wheat":18}},"DataVersion":3465}