{"stats":{"minecraft:killed":{"minecraft:spider":3,"naturalist:snail":1,"minecraft:skeleton":3,"alexsmobs:blue_jay":1,"alexsmobs:banana_slug":1,"minecraft:chicken":2,"naturalist:bass":1,"naturalist:cardinal":1,"minecraft:tropical_fish":5,"minecraft:pig":1,"naturalist:butterfly":1,"minecraft:zombie":2,"iceandfire:ghost":1,"iceandfire:ice_dragon":2,"iceandfire:pixie":1},"minecraft:crafted":{"minecraft:oak_planks":4,"minecraft:furnace":4,"minecraft:glass":44,"minecraft:stone_pickaxe":1,"minecraft:wheat":18,"minecraft:glass_bottle":27,"minecraft:cooked_cod":7,"minecraft:crafting_table":1,"minecraft:spruce_planks":68,"minecraft:baked_potato":128,"iceandfire:armor_white_boots":1,"minecraft:birch_planks":20,"minecraft:stone_axe":1,"minecraft:air":0,"iceandfire:armor_white_leggings":1,"iceandfire:armor_white_helmet":1,"minecraft:shield":1,"minecraft:stick":16,"minecraft:iron_ingot":6,"iceandfire:armor_white_chestplate":1,"minecraft:stone_sword":1},"minecraft:used":{"minecraft:beetroot":8,"minecraft:stone_sword":52,"iceandfire:ghost_sword":32,"minecraft:tropical_fish":1,"iceandfire:dragon_skull_ice":1,"minecraft:spruce_planks":11,"minecraft:shield":141,"minecraft:iron_sword":38,"minecraft:dirt":3,"minecraft:iron_hoe":20,"minecraft:lantern":1,"minecraft:birch_sapling":4,"minecraft:sweet_berries":36,"minecraft:oak_sapling":1,"minecraft:furnace":4,"minecraft:cooked_cod":7,"minecraft:golden_axe":5,"minecraft:water_bucket":28,"minecraft:birch_planks":20,"minecraft:stone_pickaxe":17,"minecraft:baked_potato":4,"minecraft:oak_planks":4,"minecraft:cookie":1,"minecraft:crafting_table":4,"minecraft:apple":1,"minecraft:iron_pickaxe":47,"minecraft:bread":19,"minecraft:spruce_sapling":1,"minecraft:gravel":1,"minecraft:stone_axe":48,"minecraft:cobblestone":19,"minecraft:cooked_porkchop":2,"minecraft:bucket":27,"minecraft:pumpkin_pie":7},"minecraft:custom":{"minecraft:interact_with_smithing_table":2,"minecraft:mob_kills":26,"minecraft:interact_with_anvil":1,"minecraft:interact_with_crafting_table":30,"minecraft:open_barrel":15,"minecraft:leave_game":1,"minecraft:time_since_death":39080,"minecraft:climb_one_cm":1869,"minecraft:sprint_one_cm":486354,"minecraft:walk_one_cm":319968,"minecraft:damage_blocked_by_shield":2157,"minecraft:drop":36,"minecraft:damage_dealt_absorbed":80,"minecraft:talked_to_villager":11,"minecraft:play_time":140348,"minecraft:deaths":4,"minecraft:sneak_time":5111,"minecraft:walk_under_water_one_cm":18887,"minecraft:jump":4220,"minecraft:interact_with_blast_furnace":2,"minecraft:walk_on_water_one_cm":21343,"minecraft:total_world_time":140348,"minecraft:interact_with_furnace":78,"minecraft:interact_with_loom":1,"minecraft:sleep_in_bed":4,"minecraft:time_since_rest":12995,"minecraft:damage_taken":2157,"minecraft:trigger_trapped_chest":1,"minecraft:damage_dealt":5758,"minecraft:swim_one_cm":57592,"minecraft:fly_one_cm":800608,"minecraft:player_kills":2,"minecraft:open_chest":186,"minecraft:crouch_one_cm":12548,"minecraft:interact_with_smoker":30,"minecraft:fall_one_cm":113410},"minecraft:dropped":{"minecraft:wheat_seeds":41,"minecraft:golden_helmet":1,"alexsmobs:banana_slug_slime":2,"minecraft:iron_helmet":1,"minecraft:cobblestone":6,"iceandfire:ice_dragon_flesh":1,"minecraft:item_frame":1,"iceandfire:armor_silver_metal_chestplate":1,"minecraft:iron_leggings":1,"minecraft:gold_nugget":1,"iceandfire:ice_dragon_heart":2,"iceandfire:dragonscales_white":2,"minecraft:string":2,"minecraft:spruce_sapling":1,"iceandfire:dragonbone":2,"minecraft:stone_axe":1,"minecraft:iron_nugget":6,"alexsmobs:animal_dictionary":1,"minecraft:beetroot":3,"minecraft:rotten_flesh":1,"minecraft:iron_boots":1,"iceandfire:dragonscales_blue":6,"minecraft:hay_block":2,"minecraft:iron_chestplate":1,"minecraft:beetroot_seeds":18,"minecraft:melon_seeds":3,"minecraft:arrow":1,"minecraft:raw_gold":26},"minecraft:mined":{"minecraft:grass_block":1,"minecraft:spruce_leaves":1,"minecraft:large_fern":1,"minecraft:hay_block":67,"minecraft:furnace":4,"minecraft:carrots":2,"minecraft:iron_ore":3,"minecraft:fire":6,"minecraft:stripped_spruce_log":5,"minecraft:bookshelf":21,"minecraft:potatoes":11,"minecraft:vine":1,"minecraft:stone":36,"minecraft:soul_fire":1,"minecraft:crafting_table":5,"iceandfire:dragon_ice_spikes":2,"minecraft:white_stained_glass_pane":1,"minecraft:tall_grass":10,"minecraft:cobblestone":1,"minecraft:birch_log":5,"minecraft:purple_stained_glass":2,"minecraft:wheat":13,"minecraft:sweet_berry_bush":2,"minecraft:ice":2,"minecraft:spruce_log":8,"minecraft:birch_leaves":6,"minecraft:yellow_bed":1,"minecraft:grass":10,"minecraft:oak_log":1,"minecraft:coal_ore":18,"minecraft:beetroots":8,"minecraft:sand":44,"minecraft:dirt":2,"minecraft:oak_leaves":4},"minecraft:picked_up":{"minecraft:crafting_table":5,"minecraft:iron_chestplate":1,"minecraft:wheat":14,"minecraft:chicken":2,"minecraft:string":2,"minecraft:iron_leggings":1,"minecraft:item_frame":1,"minecraft:beetroot":8,"minecraft:iron_nugget":3,"minecraft:birch_sapling":4,"iceandfire:ice_dragon_heart":3,"minecraft:iron_boots":1,"minecraft:furnace":4,"minecraft:stick":2,"minecraft:raw_iron":3,"iceandfire:dragonbone":17,"iceandfire:dragonscales_white":26,"minecraft:porkchop":1,"sophisticatedbackpacks:backpack":1,"minecraft:carrot":9,"iceandfire:dragon_skull_ice":2,"minecraft:arrow":7,"minecraft:rotten_flesh":2,"minecraft:tropical_fish":5,"minecraft:beetroot_seeds":18,"minecraft:hay_block":69,"minecraft:cobblestone":67,"minecraft:birch_log":5,"minecraft:feather":1,"minecraft:potato":40,"minecraft:oak_log":1,"minecraft:yellow_bed":1,"iceandfire:dragonscales_blue":12,"minecraft:dirt":3,"minecraft:lantern":1,"naturalist:bass":1,"minecraft:bone":3,"minecraft:apple":1,"minecraft:wheat_seeds":41,"minecraft:iron_ingot":4,"minecraft:book":63,"minecraft:sand":44,"minecraft:gravel":1,"minecraft:stripped_spruce_log":5,"minecraft:spruce_sapling":2,"minecraft:spruce_log":8,"minecraft:spider_eye":1,"minecraft:iron_helmet":1,"iceandfire:ice_dragon_flesh":3,"minecraft:bread":64,"alexsmobs:banana_slug_slime":2,"minecraft:oak_sapling":1,"iceandfire:silver_nugget":34,"minecraft:coal":18}},"DataVersion":3465}