{"stats":{"minecraft:dropped":{"iceandfire:raw_silver":1,"minecraft:moss_block":4,"alexsmobs:banana_slug_slime":2,"iceandfire:dragonscales_silver":6,"iceandfire:armor_white_helmet":1,"aether:skyroot_sapling":1,"minecraft:crafting_table":2,"minecraft:glow_berries":1,"iceandfire:ice_dragon_flesh":24,"iceandfire:fire_dragon_flesh":16,"minecraft:red_carpet":28,"minecraft:item_frame":1,"minecraft:flint":4,"iceandfire:armor_electric_leggings":1,"minecraft:dirt":32,"iceandfire:myrmex_desert_chitin":1,"minecraft:crimson_roots":5,"iceandfire:dragonscales_red":25,"iceandfire:armor_blue_helmet":1,"minecraft:gold_nugget":239,"iceandfire:ash":8,"minecraft:sand":9,"minecraft:iron_pickaxe":1,"minecraft:birch_log":1,"minecraft:gold_ingot":6,"minecraft:bone":10,"minecraft:gravel":4,"minecraft:crimson_fungus":1,"minecraft:stone_axe":1,"minecraft:sugar_cane":2,"mowziesmobs:umvuthana_mask_rage":1,"minecraft:iron_nugget":6,"alexsmobs:animal_dictionary":1,"iceandfire:armor_white_boots":1,"minecraft:cherry_sapling":1,"minecraft:beetroot":3,"minecraft:black_terracotta":1,"minecraft:rotten_flesh":23,"minecraft:oak_planks":4,"minecraft:glowstone_dust":5,"minecraft:azure_bluet":4,"aether:ambrosium_shard":5,"iceandfire:dragonscales_blue":6,"alexsmobs:blood_sac":3,"iceandfire:armor_silver_boots":1,"minecraft:beetroot_seeds":18,"minecraft:melon_seeds":3,"minecraft:azalea":6,"alexsmobs:guster_eye":1,"iceandfire:pixie_dust":4,"minecraft:spruce_slab":6,"minecraft:arrow":20,"iceandfire:ice_dragon_blood":1,"iceandfire:dragonbone_sword":1,"minecraft:bread":2,"iceandfire:armor_electric_boots":1,"minecraft:wheat_seeds":71,"iceandfire:armor_silver_leggings":1,"minecraft:golden_helmet":1,"minecraft:iron_helmet":3,"minecraft:cobblestone":211,"minecraft:copper_ingot":17,"minecraft:stick":11,"aether:golden_amber":1,"iceandfire:copper_nugget":6,"minecraft:torch":38,"iceandfire:armor_silver_metal_chestplate":1,"minecraft:dead_bush":1,"iceandfire:armor_silver_chestplate":1,"minecraft:iron_leggings":2,"iceandfire:armor_white_leggings":1,"iceandfire:ice_dragon_heart":5,"minecraft:flowering_azalea":4,"minecraft:white_banner":2,"minecraft:iron_axe":1,"iceandfire:dragonscales_white":2,"minecraft:string":5,"minecraft:blue_carpet":2,"iceandfire:dragon_skull_fire":1,"minecraft:gray_carpet":2,"minecraft:acacia_planks":4,"minecraft:spruce_sapling":1,"iceandfire:armor_white_chestplate":1,"iceandfire:dragonbone":2,"minecraft:redstone":1,"iceandfire:silver_nugget":22,"minecraft:moss_carpet":4,"alexsmobs:maggot":2,"minecraft:sweet_berries":5,"minecraft:coarse_dirt":7,"iceandfire:armor_blue_chestplate":1,"minecraft:raw_copper":14,"iceandfire:armor_silver_helmet":1,"minecraft:white_carpet":5,"minecraft:clay_ball":28,"minecraft:iron_boots":1,"minecraft:stripped_oak_log":2,"iceandfire:dragon_skull_ice":2,"minecraft:spruce_fence":2,"minecraft:filled_map":1,"aether:book_of_lore":1,"minecraft:hay_block":2,"alexsmobs:cockroach_wing_fragment":1,"mowziesmobs:umvuthana_mask_misery":1,"minecraft:iron_chestplate":1,"minecraft:golden_sword":1,"minecraft:slime_ball":1,"minecraft:bow":2,"iceandfire:fire_dragon_heart":7,"minecraft:raw_gold":26},"minecraft:custom":{"minecraft:interact_with_crafting_table":91,"minecraft:open_barrel":38,"minecraft:bell_ring":1,"minecraft:leave_game":5,"minecraft:time_since_death":211353,"minecraft:sprint_one_cm":1341903,"minecraft:damage_blocked_by_shield":6425,"minecraft:drop":250,"minecraft:talked_to_villager":13,"minecraft:play_time":467924,"minecraft:deaths":6,"minecraft:jump":13380,"minecraft:walk_on_water_one_cm":140909,"minecraft:interact_with_furnace":78,"minecraft:interact_with_cartography_table":1,"minecraft:interact_with_loom":1,"minecraft:sleep_in_bed":6,"minecraft:damage_dealt":64995,"minecraft:player_kills":2,"minecraft:crouch_one_cm":49069,"minecraft:interact_with_smoker":32,"minecraft:interact_with_smithing_table":4,"minecraft:mob_kills":229,"minecraft:interact_with_anvil":3,"minecraft:damage_dealt_resisted":337,"minecraft:climb_one_cm":2633,"minecraft:walk_one_cm":1119996,"minecraft:damage_dealt_absorbed":200,"minecraft:raid_win":2,"minecraft:sneak_time":15472,"minecraft:walk_under_water_one_cm":98409,"minecraft:interact_with_blast_furnace":5,"minecraft:total_world_time":467924,"minecraft:raid_trigger":2,"minecraft:time_since_rest":120808,"minecraft:damage_taken":14210,"minecraft:trigger_trapped_chest":5,"minecraft:swim_one_cm":182425,"minecraft:fly_one_cm":2673857,"minecraft:open_chest":345,"minecraft:fall_one_cm":375440},"minecraft:picked_up":{"minecraft:iron_chestplate":1,"minecraft:wheat":14,"minecraft:anvil":1,"minecraft:stone_slab":1,"minecraft:golden_sword":1,"minecraft:string":5,"minecraft:raw_copper":14,"minecraft:iron_leggings":2,"minecraft:beetroot":8,"alexsmobs:blood_sac":3,"minecraft:gold_nugget":296,"minecraft:spruce_planks":1,"minecraft:rose_bush":1,"minecraft:azalea":6,"minecraft:melon_slice":22,"iceandfire:dragonscales_red":83,"minecraft:furnace":4,"minecraft:iron_boots":1,"iceandfire:pixie_dust":4,"minecraft:stick":7,"mowziesmobs:sol_visage":1,"minecraft:torch":20,"iceandfire:dragonscales_white":31,"minecraft:porkchop":1,"iceandfire:dragon_bone_wall":6,"minecraft:rotten_flesh":17,"minecraft:tropical_fish":5,"iceandfire:fire_dragon_heart":7,"iceandfire:myrmex_desert_chitin":1,"aether:iron_ring":1,"minecraft:cobblestone":280,"minecraft:birch_log":6,"minecraft:feather":1,"minecraft:potato":40,"minecraft:flint":6,"minecraft:lantern":1,"iceandfire:dragonscales_bronze":48,"minecraft:dirt":43,"minecraft:bone":13,"minecraft:acacia_planks":4,"minecraft:bow":2,"minecraft:wheat_seeds":71,"aether:book_of_lore":1,"minecraft:glowstone_dust":126,"minecraft:moss_block":4,"minecraft:oak_planks":6,"minecraft:black_terracotta":1,"iceandfire:dragonscales_sapphire":12,"iceandfire:dragon_skull_fire":3,"minecraft:sand":62,"minecraft:stripped_spruce_log":5,"iceandfire:stymphalian_bird_feather":21,"minecraft:dead_bush":1,"minecraft:dark_oak_log":1,"iceandfire:frozen_dirt":1,"aether:silver_dungeon_key":1,"alexsmobs:guster_eye":1,"aether:ambrosium_shard":5,"aether:golden_amber":1,"minecraft:emerald":32,"minecraft:bread":73,"alexsmobs:maggot":2,"alexsmobs:banana_slug_slime":2,"minecraft:oak_sapling":1,"minecraft:netherrack":83,"iceandfire:silver_nugget":132,"minecraft:crimson_roots":5,"iceandfire:raw_silver":1,"minecraft:coarse_dirt":7,"minecraft:crafting_table":15,"minecraft:azure_bluet":4,"iceandfire:witherbone":1,"minecraft:chicken":2,"minecraft:clay_ball":28,"iceandfire:chain":12,"minecraft:chain":2,"minecraft:moss_carpet":4,"minecraft:iron_axe":2,"minecraft:item_frame":1,"minecraft:white_carpet":5,"takesapillage:ravager_horn":2,"minecraft:iron_nugget":3,"minecraft:chest":1,"minecraft:sugar_cane":2,"iceandfire:dragonscales_electric":17,"minecraft:birch_sapling":4,"iceandfire:ice_dragon_heart":6,"minecraft:raw_iron":3,"iceandfire:dragonscales_green":16,"iceandfire:dragonbone":174,"iceandfire:dragonscales_gray":6,"minecraft:copper_ingot":17,"minecraft:spruce_fence":2,"sophisticatedbackpacks:backpack":2,"minecraft:carrot":24,"minecraft:blue_carpet":3,"iceandfire:dragon_skull_ice":8,"mowziesmobs:umvuthana_mask_faith":1,"minecraft:arrow":21,"minecraft:beetroot_seeds":18,"iceandfire:dragonscales_silver":47,"minecraft:hay_block":69,"mowziesmobs:ice_crystal":1,"minecraft:totem_of_undying":2,"minecraft:gold_ingot":6,"alexsmobs:ghostly_pickaxe":1,"minecraft:glow_berries":1,"minecraft:skeleton_skull":1,"minecraft:stripped_oak_log":2,"iceandfire:dragonegg_green":1,"aether:skyroot_sapling":1,"minecraft:crimson_fungus":1,"minecraft:oak_log":1,"minecraft:yellow_bed":2,"iceandfire:dragonscales_blue":37,"minecraft:white_banner":3,"naturalist:bass":1,"minecraft:red_carpet":28,"mowziesmobs:umvuthana_mask_rage":1,"minecraft:apple":2,"minecraft:gray_carpet":2,"alexsmobs:cockroach_wing_fragment":1,"minecraft:iron_ingot":12,"aether:victory_medal":11,"minecraft:acacia_sapling":1,"minecraft:flowering_azalea":4,"iceandfire:fire_dragon_flesh":16,"mowziesmobs:umvuthana_mask_misery":1,"minecraft:book":426,"iceandfire:copper_nugget":6,"minecraft:sweet_berries":6,"iceandfire:ash":8,"minecraft:gravel":36,"minecraft:spruce_sapling":2,"minecraft:spruce_log":8,"minecraft:spider_eye":1,"minecraft:slime_ball":1,"iceandfire:desert_myrmex_cocoon":1,"minecraft:iron_helmet":3,"minecraft:cherry_sapling":1,"iceandfire:ice_dragon_flesh":26,"minecraft:baked_potato":22,"minecraft:coal":30,"minecraft:ender_pearl":2},"minecraft:broken":{"takesapillage:ravager_horn":1,"aether:iron_gloves":1,"minecraft:golden_axe":1,"aether:leather_gloves":1},"minecraft:killed":{"naturalist:rattlesnake":2,"mowziesmobs:umvuthi":1,"minecraft:spider":9,"mowziesmobs:frostmaw":1,"iceandfire:stymphalian_bird":4,"naturalist:snail":1,"minecraft:skeleton":21,"alexsmobs:banana_slug":1,"minecraft:chicken":2,"mowziesmobs:umvuthana_crane":5,"minecraft:tropical_fish":5,"alexsmobs:kangaroo":1,"iceandfire:myrmex_worker":1,"minecraft:pig":1,"minecraft:creeper":2,"alexsmobs:crimson_mosquito":3,"minecraft:pillager":29,"minecraft:zombie":24,"alexsmobs:fly":3,"iceandfire:pixie":3,"iceandfire:lightning_dragon":1,"takesapillage:archer":3,"minecraft:evoker":2,"minecraft:vex":8,"aether:mimic":3,"minecraft:vindicator":20,"alexsmobs:seagull":2,"alexsmobs:blue_jay":1,"iceandfire:fire_dragon":9,"aether:valkyrie_queen":1,"naturalist:bass":1,"aether:valkyrie":10,"alexsmobs:underminer":1,"minecraft:drowned":1,"naturalist:cardinal":1,"mowziesmobs:umvuthana":2,"minecraft:husk":3,"alexsmobs:guster":4,"naturalist:butterfly":1,"takesapillage:skirmisher":2,"mowziesmobs:umvuthana_follower_raptor":3,"minecraft:ravager":2,"alexsmobs:cockroach":1,"iceandfire:ghost":3,"iceandfire:ice_dragon":9,"creeperoverhaul:savannah_creeper":2,"minecraft:enderman":1},"minecraft:mined":{"minecraft:spruce_planks":1,"minecraft:cave_vines_plant":1,"minecraft:grass_block":17,"minecraft:weeping_vines_plant":1,"minecraft:glowstone":46,"minecraft:iron_ore":3,"minecraft:fire":69,"iceandfire:dragon_bone_wall":6,"minecraft:anvil":1,"iceandfire:chared_cobblestone":2,"minecraft:cyan_terracotta":1,"minecraft:crimson_nylium":16,"minecraft:soul_fire":4,"iceandfire:dragon_ice_spikes":7,"minecraft:torch":11,"minecraft:white_stained_glass_pane":1,"iceandfire:frozen_dirt":1,"minecraft:cobblestone":9,"minecraft:sugar_cane":1,"minecraft:oak_planks":4,"minecraft:wall_torch":6,"minecraft:skeleton_skull":1,"minecraft:chain":2,"minecraft:birch_log":5,"minecraft:wheat":13,"minecraft:tnt":1,"minecraft:grass":44,"minecraft:oak_log":1,"minecraft:beetroots":8,"minecraft:sand":80,"minecraft:dirt":22,"minecraft:netherrack":73,"minecraft:oak_leaves":4,"iceandfire:chared_stone":2,"iceandfire:crackled_gravel":1,"minecraft:spruce_fence":2,"minecraft:crimson_roots":1,"minecraft:spruce_leaves":1,"minecraft:moss_block":1,"minecraft:large_fern":3,"minecraft:hay_block":67,"minecraft:furnace":4,"minecraft:carrots":2,"minecraft:stripped_spruce_log":5,"minecraft:bookshelf":142,"minecraft:potatoes":11,"minecraft:vine":1,"minecraft:stone":241,"minecraft:acacia_leaves":1,"minecraft:crafting_table":13,"minecraft:rose_bush":1,"minecraft:tall_grass":24,"minecraft:coarse_dirt":7,"minecraft:purple_stained_glass":2,"iceandfire:desert_myrmex_cocoon":1,"minecraft:sweet_berry_bush":8,"minecraft:ice":3,"minecraft:spruce_log":8,"minecraft:birch_leaves":6,"minecraft:yellow_bed":2,"minecraft:coal_ore":18,"minecraft:gravel":34,"minecraft:gray_carpet":2,"minecraft:cracked_stone_bricks":1,"minecraft:acacia_planks":6,"minecraft:fern":3},"minecraft:used":{"minecraft:beetroot":8,"minecraft:iron_shovel":108,"iceandfire:ghost_sword":807,"iceandfire:dragon_skull_ice":3,"minecraft:chest":2,"minecraft:shield":325,"minecraft:iron_sword":113,"minecraft:carrot":3,"minecraft:acacia_sapling":1,"iceandfire:chain":1,"iceandfire:dragonegg_green":1,"minecraft:lava_bucket":10,"minecraft:lantern":1,"minecraft:birch_sapling":4,"minecraft:sweet_berries":37,"minecraft:cooked_cod":11,"minecraft:oak_sapling":1,"minecraft:furnace":4,"minecraft:oak_planks":4,"minecraft:stone_pickaxe":17,"minecraft:cookie":1,"iceandfire:frozen_dirt":1,"minecraft:sand":9,"minecraft:dark_oak_log":1,"minecraft:melon_slice":22,"minecraft:bread":88,"minecraft:gravel":32,"iceandfire:dragon_skull_fire":1,"minecraft:stone_sword":52,"minecraft:flint_and_steel":7,"mowziesmobs:umvuthana_mask_misery":1,"minecraft:tropical_fish":1,"iceandfire:armor_white_helmet":1,"minecraft:spruce_planks":108,"minecraft:cooked_salmon":2,"minecraft:netherrack":86,"minecraft:torch":106,"minecraft:dirt":11,"minecraft:iron_hoe":20,"iceandfire:dragon_bone_wall":7,"minecraft:iron_axe":132,"minecraft:glowstone":10,"minecraft:cooked_beef":7,"minecraft:golden_axe":40,"aether:silver_dungeon_key":1,"minecraft:water_bucket":142,"minecraft:birch_planks":20,"minecraft:baked_potato":145,"minecraft:crafting_table":22,"minecraft:diamond_pickaxe":348,"minecraft:apple":1,"minecraft:iron_pickaxe":88,"iceandfire:dragon_horn":16,"minecraft:stone_slab":1,"minecraft:spruce_trapdoor":4,"minecraft:spruce_sapling":1,"minecraft:stone_axe":48,"minecraft:cobblestone":29,"aether:golden_parachute":3,"minecraft:white_banner":1,"minecraft:cooked_porkchop":8,"minecraft:bucket":152,"minecraft:pumpkin_pie":7,"minecraft:yellow_bed":1,"takesapillage:ravager_horn":1},"minecraft:killed_by":{"iceandfire:fire_dragon":1},"minecraft:crafted":{"minecraft:oak_planks":4,"iceandfire:armor_silver_boots":2,"iceandfire:armor_blue_helmet":1,"iceandfire:armor_electric_leggings":1,"minecraft:glass":44,"minecraft:chest":1,"minecraft:glass_bottle":27,"iceandfire:armor_silver_leggings":1,"minecraft:cooked_porkchop":6,"minecraft:crafting_table":9,"minecraft:spruce_planks":228,"minecraft:baked_potato":128,"iceandfire:armor_white_boots":1,"minecraft:birch_planks":20,"minecraft:spruce_trapdoor":4,"iceandfire:armor_blue_leggings":1,"minecraft:diamond_pickaxe":1,"iceandfire:armor_white_helmet":1,"minecraft:shield":1,"minecraft:stick":32,"minecraft:iron_ingot":6,"iceandfire:summoning_crystal_fire":1,"iceandfire:armor_white_chestplate":1,"minecraft:stone_sword":1,"iceandfire:dragon_horn":1,"iceandfire:dragon_bone_wall":3,"iceandfire:armor_blue_chestplate":1,"iceandfire:dragon_stick":1,"minecraft:furnace":4,"iceandfire:armor_electric_boots":1,"iceandfire:dragon_flute":1,"minecraft:flint_and_steel":1,"iceandfire:armor_silver_chestplate":2,"minecraft:spruce_slab":6,"minecraft:stone_pickaxe":1,"iceandfire:chain":4,"minecraft:wheat":18,"minecraft:cooked_cod":7,"iceandfire:dragonbone_sword":1,"minecraft:bucket":1,"minecraft:stone_axe":1,"minecraft:glowstone":14,"minecraft:air":0,"iceandfire:armor_white_leggings":1,"minecraft:iron_shovel":1,"minecraft:torch":124,"iceandfire:armor_silver_helmet":2}},"DataVersion":3465}