{"stats":{"minecraft:killed_by":{"iceandfire:fire_dragon":1},"minecraft:broken":{"takesapillage:ravager_horn":1,"minecraft:golden_axe":1,"aether:leather_gloves":1},"minecraft:custom":{"minecraft:interact_with_crafting_table":83,"minecraft:open_barrel":26,"minecraft:leave_game":5,"minecraft:time_since_death":80659,"minecraft:sprint_one_cm":969521,"minecraft:damage_blocked_by_shield":4495,"minecraft:drop":187,"minecraft:talked_to_villager":13,"minecraft:play_time":337230,"minecraft:deaths":6,"minecraft:jump":8817,"minecraft:walk_on_water_one_cm":108537,"minecraft:interact_with_furnace":78,"minecraft:interact_with_cartography_table":1,"minecraft:interact_with_loom":1,"minecraft:sleep_in_bed":5,"minecraft:damage_dealt":45396,"minecraft:player_kills":2,"minecraft:crouch_one_cm":32151,"minecraft:interact_with_smoker":32,"minecraft:interact_with_smithing_table":2,"minecraft:mob_kills":151,"minecraft:interact_with_anvil":1,"minecraft:damage_dealt_resisted":22,"minecraft:climb_one_cm":2389,"minecraft:walk_one_cm":854997,"minecraft:damage_dealt_absorbed":80,"minecraft:raid_win":2,"minecraft:sneak_time":11428,"minecraft:walk_under_water_one_cm":86923,"minecraft:interact_with_blast_furnace":4,"minecraft:total_world_time":337230,"minecraft:raid_trigger":2,"minecraft:time_since_rest":80701,"minecraft:damage_taken":10098,"minecraft:trigger_trapped_chest":5,"minecraft:swim_one_cm":154833,"minecraft:fly_one_cm":1787268,"minecraft:open_chest":280,"minecraft:fall_one_cm":260174},"minecraft:used":{"minecraft:beetroot":8,"minecraft:iron_shovel":108,"iceandfire:ghost_sword":512,"iceandfire:dragon_skull_ice":3,"minecraft:shield":234,"minecraft:iron_sword":113,"iceandfire:chain":1,"iceandfire:dragonegg_green":1,"minecraft:lava_bucket":10,"minecraft:lantern":1,"minecraft:birch_sapling":4,"minecraft:sweet_berries":37,"minecraft:furnace":4,"minecraft:oak_sapling":1,"minecraft:cooked_cod":9,"minecraft:stone_pickaxe":17,"minecraft:oak_planks":4,"minecraft:cookie":1,"iceandfire:frozen_dirt":1,"minecraft:sand":9,"minecraft:dark_oak_log":1,"minecraft:bread":28,"minecraft:gravel":32,"iceandfire:dragon_skull_fire":1,"minecraft:stone_sword":52,"minecraft:flint_and_steel":7,"mowziesmobs:umvuthana_mask_misery":1,"minecraft:tropical_fish":1,"iceandfire:armor_white_helmet":1,"minecraft:spruce_planks":68,"minecraft:cooked_salmon":2,"minecraft:netherrack":59,"minecraft:torch":74,"minecraft:dirt":7,"minecraft:iron_hoe":20,"iceandfire:dragon_bone_wall":7,"minecraft:iron_axe":132,"minecraft:golden_axe":40,"minecraft:water_bucket":108,"minecraft:birch_planks":20,"minecraft:baked_potato":125,"minecraft:crafting_table":18,"minecraft:diamond_pickaxe":298,"minecraft:apple":1,"minecraft:iron_pickaxe":88,"iceandfire:dragon_horn":6,"minecraft:stone_slab":1,"minecraft:spruce_trapdoor":4,"minecraft:spruce_sapling":1,"minecraft:stone_axe":48,"minecraft:cobblestone":29,"minecraft:white_banner":1,"minecraft:cooked_porkchop":8,"minecraft:bucket":118,"minecraft:yellow_bed":1,"minecraft:pumpkin_pie":7,"takesapillage:ravager_horn":1},"minecraft:picked_up":{"minecraft:iron_chestplate":1,"minecraft:wheat":14,"minecraft:stone_slab":1,"minecraft:string":3,"minecraft:raw_copper":14,"minecraft:iron_leggings":2,"minecraft:beetroot":8,"alexsmobs:blood_sac":2,"minecraft:gold_nugget":206,"minecraft:rose_bush":1,"iceandfire:dragonscales_red":83,"minecraft:furnace":4,"minecraft:iron_boots":1,"iceandfire:pixie_dust":4,"minecraft:stick":5,"minecraft:torch":20,"iceandfire:dragonscales_white":31,"minecraft:porkchop":1,"iceandfire:dragon_bone_wall":6,"minecraft:rotten_flesh":7,"minecraft:tropical_fish":5,"iceandfire:fire_dragon_heart":6,"iceandfire:myrmex_desert_chitin":1,"minecraft:cobblestone":280,"minecraft:birch_log":5,"minecraft:feather":1,"minecraft:potato":40,"minecraft:flint":6,"minecraft:lantern":1,"iceandfire:dragonscales_bronze":13,"minecraft:dirt":33,"minecraft:bone":10,"minecraft:acacia_planks":4,"minecraft:bow":1,"minecraft:wheat_seeds":57,"minecraft:oak_planks":6,"minecraft:black_terracotta":1,"iceandfire:dragonscales_sapphire":12,"iceandfire:dragon_skull_fire":2,"minecraft:sand":62,"minecraft:stripped_spruce_log":5,"minecraft:dead_bush":1,"minecraft:dark_oak_log":1,"iceandfire:frozen_dirt":1,"alexsmobs:guster_eye":1,"minecraft:emerald":32,"minecraft:bread":64,"alexsmobs:banana_slug_slime":2,"minecraft:oak_sapling":1,"minecraft:netherrack":83,"iceandfire:silver_nugget":110,"minecraft:crimson_roots":5,"iceandfire:raw_silver":1,"minecraft:coarse_dirt":7,"minecraft:crafting_table":15,"iceandfire:witherbone":1,"minecraft:chicken":2,"minecraft:clay_ball":28,"iceandfire:chain":11,"minecraft:chain":2,"minecraft:moss_carpet":4,"minecraft:iron_axe":2,"minecraft:white_carpet":5,"minecraft:item_frame":1,"takesapillage:ravager_horn":2,"minecraft:iron_nugget":3,"minecraft:sugar_cane":2,"iceandfire:dragonscales_electric":17,"minecraft:birch_sapling":4,"iceandfire:ice_dragon_heart":6,"minecraft:raw_iron":3,"iceandfire:dragonbone":105,"iceandfire:dragonscales_gray":6,"minecraft:spruce_fence":2,"sophisticatedbackpacks:backpack":1,"minecraft:carrot":9,"minecraft:blue_carpet":3,"iceandfire:dragon_skull_ice":5,"minecraft:arrow":16,"minecraft:beetroot_seeds":18,"iceandfire:dragonscales_silver":35,"minecraft:hay_block":69,"minecraft:totem_of_undying":2,"minecraft:gold_ingot":6,"minecraft:glow_berries":1,"minecraft:skeleton_skull":1,"minecraft:stripped_oak_log":2,"iceandfire:dragonegg_green":1,"minecraft:crimson_fungus":1,"minecraft:oak_log":1,"minecraft:yellow_bed":2,"iceandfire:dragonscales_blue":24,"minecraft:white_banner":3,"naturalist:bass":1,"minecraft:red_carpet":28,"minecraft:gray_carpet":2,"minecraft:apple":2,"mowziesmobs:umvuthana_mask_rage":1,"minecraft:iron_ingot":4,"iceandfire:fire_dragon_flesh":9,"mowziesmobs:umvuthana_mask_misery":1,"minecraft:book":426,"minecraft:sweet_berries":3,"iceandfire:ash":8,"minecraft:gravel":36,"minecraft:spruce_sapling":2,"minecraft:spruce_log":8,"minecraft:spider_eye":1,"minecraft:slime_ball":1,"iceandfire:desert_myrmex_cocoon":1,"minecraft:iron_helmet":2,"minecraft:cherry_sapling":1,"iceandfire:ice_dragon_flesh":23,"minecraft:baked_potato":1,"minecraft:coal":30,"minecraft:ender_pearl":1},"minecraft:killed":{"naturalist:rattlesnake":2,"minecraft:spider":8,"naturalist:snail":1,"minecraft:skeleton":11,"alexsmobs:banana_slug":1,"minecraft:chicken":2,"minecraft:tropical_fish":5,"iceandfire:myrmex_worker":1,"minecraft:pig":1,"minecraft:creeper":2,"alexsmobs:crimson_mosquito":2,"minecraft:pillager":28,"minecraft:zombie":12,"iceandfire:pixie":3,"iceandfire:lightning_dragon":1,"takesapillage:archer":3,"minecraft:evoker":2,"minecraft:vex":8,"minecraft:vindicator":20,"alexsmobs:seagull":2,"alexsmobs:blue_jay":1,"iceandfire:fire_dragon":5,"naturalist:bass":1,"minecraft:drowned":1,"naturalist:cardinal":1,"minecraft:husk":3,"alexsmobs:guster":4,"naturalist:butterfly":1,"takesapillage:skirmisher":2,"mowziesmobs:umvuthana_follower_raptor":3,"minecraft:ravager":2,"iceandfire:ghost":1,"iceandfire:ice_dragon":7},"minecraft:crafted":{"minecraft:oak_planks":4,"iceandfire:armor_silver_boots":1,"iceandfire:armor_blue_helmet":1,"iceandfire:armor_electric_leggings":1,"minecraft:glass":44,"minecraft:glass_bottle":27,"iceandfire:armor_silver_leggings":1,"minecraft:cooked_porkchop":6,"minecraft:crafting_table":5,"minecraft:spruce_planks":132,"minecraft:baked_potato":128,"iceandfire:armor_white_boots":1,"minecraft:birch_planks":20,"minecraft:spruce_trapdoor":4,"minecraft:diamond_pickaxe":1,"iceandfire:armor_white_helmet":1,"minecraft:shield":1,"minecraft:stick":32,"iceandfire:summoning_crystal_fire":1,"minecraft:iron_ingot":6,"iceandfire:armor_white_chestplate":1,"minecraft:stone_sword":1,"iceandfire:dragon_horn":1,"iceandfire:dragon_bone_wall":3,"iceandfire:armor_blue_chestplate":1,"iceandfire:dragon_stick":1,"minecraft:furnace":4,"iceandfire:armor_electric_boots":1,"iceandfire:dragon_flute":1,"minecraft:flint_and_steel":1,"iceandfire:armor_silver_chestplate":1,"minecraft:spruce_slab":6,"minecraft:stone_pickaxe":1,"iceandfire:chain":3,"minecraft:wheat":18,"minecraft:cooked_cod":7,"iceandfire:dragonbone_sword":1,"minecraft:bucket":1,"minecraft:stone_axe":1,"minecraft:air":0,"iceandfire:armor_white_leggings":1,"minecraft:iron_shovel":1,"minecraft:torch":124,"iceandfire:armor_silver_helmet":1},"minecraft:mined":{"minecraft:cave_vines_plant":1,"minecraft:grass_block":16,"minecraft:iron_ore":3,"minecraft:fire":67,"iceandfire:dragon_bone_wall":6,"iceandfire:chared_cobblestone":2,"minecraft:cyan_terracotta":1,"minecraft:crimson_nylium":16,"minecraft:soul_fire":4,"iceandfire:dragon_ice_spikes":5,"minecraft:torch":11,"minecraft:white_stained_glass_pane":1,"iceandfire:frozen_dirt":1,"minecraft:cobblestone":9,"minecraft:sugar_cane":1,"minecraft:oak_planks":4,"minecraft:wall_torch":6,"minecraft:skeleton_skull":1,"minecraft:chain":2,"minecraft:birch_log":5,"minecraft:wheat":13,"minecraft:tnt":1,"minecraft:grass":39,"minecraft:oak_log":1,"minecraft:beetroots":8,"minecraft:sand":80,"minecraft:dirt":22,"minecraft:netherrack":73,"minecraft:oak_leaves":4,"iceandfire:chared_stone":2,"iceandfire:crackled_gravel":1,"minecraft:spruce_fence":2,"minecraft:crimson_roots":1,"minecraft:spruce_leaves":1,"minecraft:moss_block":1,"minecraft:large_fern":2,"minecraft:hay_block":67,"minecraft:furnace":4,"minecraft:carrots":2,"minecraft:stripped_spruce_log":5,"minecraft:bookshelf":142,"minecraft:potatoes":11,"minecraft:vine":1,"minecraft:stone":241,"minecraft:crafting_table":13,"minecraft:rose_bush":1,"minecraft:tall_grass":23,"minecraft:coarse_dirt":7,"iceandfire:desert_myrmex_cocoon":1,"minecraft:purple_stained_glass":2,"minecraft:sweet_berry_bush":3,"minecraft:ice":3,"minecraft:spruce_log":8,"minecraft:birch_leaves":6,"minecraft:yellow_bed":2,"minecraft:coal_ore":18,"minecraft:gravel":34,"minecraft:gray_carpet":2,"minecraft:cracked_stone_bricks":1,"minecraft:acacia_planks":6,"minecraft:fern":3},"minecraft:dropped":{"iceandfire:raw_silver":1,"alexsmobs:banana_slug_slime":2,"iceandfire:dragonscales_silver":6,"iceandfire:armor_white_helmet":1,"minecraft:crafting_table":2,"minecraft:glow_berries":1,"iceandfire:ice_dragon_flesh":21,"iceandfire:fire_dragon_flesh":9,"minecraft:red_carpet":28,"minecraft:item_frame":1,"minecraft:flint":4,"minecraft:dirt":8,"iceandfire:myrmex_desert_chitin":1,"minecraft:crimson_roots":5,"iceandfire:dragonscales_red":25,"minecraft:gold_nugget":161,"iceandfire:ash":8,"minecraft:sand":9,"minecraft:iron_pickaxe":1,"minecraft:gold_ingot":6,"minecraft:bone":7,"minecraft:gravel":4,"minecraft:crimson_fungus":1,"minecraft:stone_axe":1,"minecraft:sugar_cane":2,"mowziesmobs:umvuthana_mask_rage":1,"minecraft:iron_nugget":6,"alexsmobs:animal_dictionary":1,"iceandfire:armor_white_boots":1,"minecraft:cherry_sapling":1,"minecraft:beetroot":3,"minecraft:black_terracotta":1,"minecraft:rotten_flesh":6,"minecraft:oak_planks":4,"iceandfire:dragonscales_blue":6,"alexsmobs:blood_sac":2,"iceandfire:armor_silver_boots":1,"minecraft:beetroot_seeds":18,"minecraft:melon_seeds":3,"alexsmobs:guster_eye":1,"iceandfire:pixie_dust":4,"minecraft:spruce_slab":6,"minecraft:arrow":15,"iceandfire:ice_dragon_blood":1,"iceandfire:dragonbone_sword":1,"minecraft:bread":2,"minecraft:wheat_seeds":57,"iceandfire:armor_silver_leggings":1,"minecraft:golden_helmet":1,"minecraft:iron_helmet":2,"minecraft:cobblestone":211,"minecraft:torch":38,"iceandfire:armor_silver_metal_chestplate":1,"minecraft:iron_leggings":2,"iceandfire:armor_silver_chestplate":1,"minecraft:dead_bush":1,"iceandfire:armor_white_leggings":1,"iceandfire:ice_dragon_heart":5,"minecraft:white_banner":2,"minecraft:iron_axe":1,"iceandfire:dragonscales_white":2,"minecraft:string":3,"minecraft:blue_carpet":2,"minecraft:gray_carpet":2,"minecraft:acacia_planks":4,"minecraft:spruce_sapling":1,"iceandfire:armor_white_chestplate":1,"iceandfire:dragonbone":2,"minecraft:redstone":1,"minecraft:moss_carpet":4,"minecraft:sweet_berries":2,"minecraft:coarse_dirt":7,"minecraft:raw_copper":14,"iceandfire:armor_silver_helmet":1,"minecraft:white_carpet":5,"minecraft:clay_ball":28,"minecraft:iron_boots":1,"minecraft:stripped_oak_log":2,"iceandfire:dragon_skull_ice":1,"minecraft:spruce_fence":2,"minecraft:filled_map":1,"minecraft:hay_block":2,"mowziesmobs:umvuthana_mask_misery":1,"minecraft:iron_chestplate":1,"minecraft:slime_ball":1,"minecraft:bow":1,"iceandfire:fire_dragon_heart":6,"minecraft:raw_gold":26}},"DataVersion":3465}