{"stats":{"minecraft:dropped":{"alexsmobs:animal_dictionary":1},"minecraft:custom":{"minecraft:time_since_rest":14014,"minecraft:sprint_one_cm":47621,"minecraft:damage_taken":672,"minecraft:walk_one_cm":59604,"minecraft:damage_blocked_by_shield":30,"minecraft:trigger_trapped_chest":1,"minecraft:mob_kills":3,"minecraft:drop":1,"minecraft:damage_dealt":766,"minecraft:swim_one_cm":5888,"minecraft:interact_with_crafting_table":9,"minecraft:fly_one_cm":115688,"minecraft:player_kills":2,"minecraft:open_chest":2,"minecraft:crouch_one_cm":6786,"minecraft:play_time":26061,"minecraft:deaths":2,"minecraft:sneak_time":2412,"minecraft:walk_under_water_one_cm":3239,"minecraft:jump":795,"minecraft:leave_game":1,"minecraft:walk_on_water_one_cm":6189,"minecraft:time_since_death":13987,"minecraft:total_world_time":26061,"minecraft:fall_one_cm":23216},"minecraft:picked_up":{"minecraft:birch_log":5,"minecraft:raw_iron":3,"minecraft:crafting_table":1,"minecraft:oak_log":1,"minecraft:stripped_spruce_log":5,"minecraft:spruce_log":8,"minecraft:dirt":3,"minecraft:rotten_flesh":1,"minecraft:iron_ingot":1,"minecraft:oak_sapling":1,"minecraft:coal":11,"minecraft:cobblestone":27},"minecraft:mined":{"minecraft:iron_ore":3,"minecraft:birch_log":5,"minecraft:fire":1,"minecraft:spruce_log":8,"minecraft:birch_leaves":6,"minecraft:stripped_spruce_log":5,"minecraft:crafting_table":1,"minecraft:grass":7,"minecraft:coal_ore":11,"minecraft:grass_block":1,"minecraft:oak_log":1,"minecraft:vine":1,"minecraft:dirt":2,"minecraft:cobblestone":1,"minecraft:tall_grass":8,"minecraft:stone":2,"minecraft:oak_leaves":3},"minecraft:killed":{"alexsmobs:blue_jay":1,"iceandfire:ghost":1,"naturalist:butterfly":1},"minecraft:used":{"minecraft:stone_sword":21,"minecraft:birch_planks":20,"minecraft:oak_planks":4,"minecraft:stone_pickaxe":17,"minecraft:spruce_planks":2,"minecraft:shield":1,"minecraft:cookie":1,"minecraft:stone_axe":25,"minecraft:dirt":3,"minecraft:cobblestone":18,"minecraft:crafting_table":1,"minecraft:oak_sapling":1,"minecraft:cooked_porkchop":2},"minecraft:crafted":{"minecraft:oak_planks":4,"minecraft:shield":1,"minecraft:crafting_table":1,"minecraft:spruce_planks":20,"minecraft:stick":16,"minecraft:stone_pickaxe":1,"minecraft:stone_sword":1,"minecraft:birch_planks":20,"minecraft:stone_axe":1}},"DataVersion":3465}