{"stats":{"minecraft:used":{"simplemissiles:empstable":2,"simplemissiles:launchpad":1},"minecraft:mined":{"alexscaves:candy_cane":1},"minecraft:custom":{"minecraft:jump":116,"minecraft:time_since_rest":18141,"minecraft:crouch_one_cm":113,"minecraft:leave_game":1,"minecraft:play_time":18141,"minecraft:sprint_one_cm":12699,"minecraft:damage_taken":180,"minecraft:time_since_death":18141,"minecraft:walk_one_cm":4033,"minecraft:sneak_time":1214,"minecraft:total_world_time":18141,"minecraft:walk_under_water_one_cm":6502,"minecraft:fall_one_cm":5142,"minecraft:fly_one_cm":514367}},"DataVersion":3465}