{"stats":{"minecraft:picked_up":{"minecraft:sugar_cane":4},"minecraft:dropped":{"simplemissiles:missile_locatorburned":1,"simplemissiles:empstable":1,"simplemissiles:manual":1,"minecraft:sugar_cane":4,"simplemissiles:launchpad":1,"simplemissiles:player_locator_overloaded":1,"simplemissiles:overloaded_bmd":1},"minecraft:used":{"simplemissiles:missile_locatorburned":3,"simplemissiles:empstable":11,"simplemissiles:launchpad":2,"simplemissiles:player_locator_overloaded":1},"minecraft:custom":{"minecraft:open_barrel":6,"minecraft:time_since_rest":55244,"minecraft:open_chest":7,"minecraft:crouch_one_cm":388,"minecraft:play_time":55244,"minecraft:sprint_one_cm":53484,"minecraft:damage_taken":180,"minecraft:walk_one_cm":24303,"minecraft:bell_ring":1,"minecraft:sneak_time":2051,"minecraft:walk_under_water_one_cm":6591,"minecraft:drop":7,"minecraft:jump":360,"minecraft:interact_with_brewingstand":1,"minecraft:damage_dealt":30,"minecraft:leave_game":4,"minecraft:time_since_death":55244,"minecraft:walk_on_water_one_cm":5428,"minecraft:climb_one_cm":246,"minecraft:total_world_time":55244,"minecraft:talked_to_villager":2,"minecraft:fall_one_cm":5142,"minecraft:fly_one_cm":1201417},"minecraft:mined":{"alexscaves:candy_cane":1}},"DataVersion":3465}