{"stats":{"minecraft:picked_up":{"minecraft:cooked_mutton":1,"minecraft:rotten_flesh":1,"owleaf_brainrot_italian:lanza_misil":1},"minecraft:custom":{"minecraft:time_since_rest":2054,"minecraft:crouch_one_cm":315,"minecraft:play_time":32236,"minecraft:sprint_one_cm":79836,"minecraft:damage_taken":1095,"minecraft:deaths":5,"minecraft:walk_one_cm":39727,"minecraft:sneak_time":197,"minecraft:walk_under_water_one_cm":5002,"minecraft:mob_kills":2,"minecraft:jump":808,"minecraft:damage_dealt":1500,"minecraft:interact_with_blast_furnace":1,"minecraft:leave_game":3,"minecraft:time_since_death":2029,"minecraft:walk_on_water_one_cm":870,"minecraft:climb_one_cm":968,"minecraft:total_world_time":32236,"minecraft:swim_one_cm":2957,"minecraft:fall_one_cm":20280,"minecraft:fly_one_cm":446139},"minecraft:mined":{"minecraft:large_fern":1,"minecraft:grass":13,"minecraft:tall_grass":10,"minecraft:small_dripleaf":1,"minecraft:fern":1},"minecraft:killed":{"owleaf_brainrot_italian:bombardino_cocodrilo":1,"minecraft:zombie":1},"minecraft:used":{"minecraft:cooked_mutton":1,"owleaf_brainrot_italian:bombardino_cocodrilo_spawn_egg":1,"minecraft:stone_sword":21,"owleaf_brainrot_italian:tralalero_tralala_spawn_egg":4},"minecraft:killed_by":{"minecraft:spider":1}},"DataVersion":3465}