{"stats":{"minecraft:used":{"simplemissiles:missile_locatorburned":3,"simplemissiles:empstable":11,"simplemissiles:launchpad":2,"simplemissiles:player_locator_overloaded":1},"minecraft:mined":{"alexscaves:candy_cane":1},"minecraft:custom":{"minecraft:time_since_rest":33297,"minecraft:open_chest":6,"minecraft:crouch_one_cm":362,"minecraft:sprint_one_cm":20066,"minecraft:play_time":33297,"minecraft:damage_taken":180,"minecraft:walk_one_cm":13270,"minecraft:bell_ring":1,"minecraft:sneak_time":1504,"minecraft:walk_under_water_one_cm":6502,"minecraft:drop":6,"minecraft:jump":168,"minecraft:interact_with_brewingstand":1,"minecraft:leave_game":3,"minecraft:walk_on_water_one_cm":165,"minecraft:time_since_death":33297,"minecraft:total_world_time":33297,"minecraft:talked_to_villager":2,"minecraft:fall_one_cm":5142,"minecraft:fly_one_cm":736689},"minecraft:dropped":{"simplemissiles:missile_locatorburned":1,"simplemissiles:empstable":1,"simplemissiles:manual":1,"simplemissiles:launchpad":1,"simplemissiles:player_locator_overloaded":1,"simplemissiles:overloaded_bmd":1}},"DataVersion":3465}