{"stats":{"minecraft:killed_by":{"minecraft:spider":1},"minecraft:killed":{"minecraft:evoker":1,"minecraft:pig":3,"minecraft:witch":1,"minecraft:vindicator":1,"owleaf_brainrot_italian:bombardino_cocodrilo":1,"minecraft:pillager":5,"minecraft:zombie":2,"alexsmobs:crocodile":1,"minecraft:cow":4},"minecraft:crafted":{"minecraft:oak_planks":12,"minecraft:birch_planks":4,"minecraft:bread":109,"minecraft:shield":1,"minecraft:iron_axe":1,"minecraft:stick":16,"minecraft:iron_pickaxe":1,"minecraft:torch":52,"minecraft:wheat":288},"minecraft:custom":{"minecraft:interact_with_furnace":1,"minecraft:mob_kills":19,"minecraft:interact_with_crafting_table":5,"minecraft:open_barrel":4,"minecraft:leave_game":3,"minecraft:time_since_death":36391,"minecraft:sleep_in_bed":2,"minecraft:climb_one_cm":8732,"minecraft:time_since_rest":29070,"minecraft:sprint_one_cm":236219,"minecraft:damage_taken":2500,"minecraft:walk_one_cm":104157,"minecraft:damage_blocked_by_shield":110,"minecraft:drop":1,"minecraft:damage_dealt":4702,"minecraft:swim_one_cm":12467,"minecraft:talked_to_villager":2,"minecraft:fly_one_cm":660608,"minecraft:open_chest":34,"minecraft:crouch_one_cm":1375,"minecraft:play_time":66598,"minecraft:deaths":5,"minecraft:sneak_time":508,"minecraft:walk_under_water_one_cm":5916,"minecraft:jump":1743,"minecraft:interact_with_blast_furnace":2,"minecraft:walk_on_water_one_cm":4099,"minecraft:total_world_time":66598,"minecraft:fall_one_cm":49246},"minecraft:used":{"minecraft:cooked_mutton":1,"minecraft:stone_sword":21,"minecraft:birch_planks":2,"minecraft:shield":4,"minecraft:iron_sword":53,"owleaf_brainrot_italian:bombardino_cocodrilo_spawn_egg":1,"minecraft:glow_berries":1,"minecraft:crafting_table":3,"minecraft:iron_axe":23,"minecraft:bread":16,"minecraft:iron_pickaxe":47,"minecraft:stone_bricks":2,"minecraft:cooked_beef":6,"owleaf_brainrot_italian:tralalero_tralala_spawn_egg":4},"minecraft:dropped":{"minecraft:bread":64},"minecraft:mined":{"minecraft:white_bed":1,"minecraft:crafting_table":4,"minecraft:tall_grass":34,"minecraft:large_fern":1,"minecraft:hay_block":32,"minecraft:birch_log":1,"minecraft:wheat":3,"minecraft:peony":1,"minecraft:grass":49,"minecraft:coal_ore":40,"minecraft:oak_log":3,"minecraft:dirt_path":1,"minecraft:dirt":1,"minecraft:stone":4,"minecraft:stone_bricks":2,"minecraft:small_dripleaf":1,"minecraft:fern":1},"minecraft:picked_up":{"minecraft:birch_log":1,"minecraft:crafting_table":4,"minecraft:wheat":3,"minecraft:leather":2,"owleaf_brainrot_italian:lanza_misil":1,"minecraft:oak_log":3,"minecraft:dirt":2,"minecraft:cooked_mutton":1,"minecraft:stone_bricks":2,"minecraft:wheat_seeds":4,"minecraft:beef":8,"minecraft:stick":1,"minecraft:spruce_stairs":3,"minecraft:porkchop":2,"minecraft:white_bed":1,"alexsmobs:crocodile_scute":1,"minecraft:rotten_flesh":1,"minecraft:peony":1,"minecraft:hay_block":32,"minecraft:emerald":1,"minecraft:totem_of_undying":1,"minecraft:glow_berries":1,"minecraft:coal":40,"minecraft:cobblestone":4}},"DataVersion":3465}