{"stats":{"minecraft:dropped":{"minecraft:bread":64,"minecraft:moss_block":2,"minecraft:wheat_seeds":8,"minecraft:spruce_stairs":3,"minecraft:dirt":5,"iceandfire:armor_silver_metal_leggings":2,"minecraft:tnt_minecart":1,"iceandfire:dragonscales_red":16,"minecraft:chain":2,"minecraft:bone_meal":54,"iceandfire:ash":3,"minecraft:sugar":2,"minecraft:iron_pickaxe":1,"minecraft:moss_carpet":37,"minecraft:raw_copper":27,"minecraft:birch_sapling":1,"minecraft:rotten_flesh":16,"minecraft:clay_ball":88,"minecraft:iron_boots":1,"iceandfire:chain":1,"minecraft:azalea_leaves":4,"minecraft:peony":1,"iceandfire:chared_cobblestone":13,"minecraft:azalea":4,"minecraft:arrow":1,"iceandfire:fire_dragon_heart":1,"minecraft:flowering_azalea_leaves":3},"minecraft:broken":{"minecraft:iron_boots":1,"aether:iron_gloves":1,"minecraft:iron_sword":1},"minecraft:custom":{"minecraft:mob_kills":105,"minecraft:interact_with_crafting_table":8,"minecraft:open_barrel":4,"minecraft:damage_dealt_resisted":1,"minecraft:leave_game":5,"minecraft:time_since_death":16453,"minecraft:climb_one_cm":17769,"minecraft:sprint_one_cm":891972,"minecraft:walk_one_cm":338295,"minecraft:damage_blocked_by_shield":1783,"minecraft:drop":52,"minecraft:damage_dealt_absorbed":2,"minecraft:talked_to_villager":2,"minecraft:play_time":195761,"minecraft:deaths":11,"minecraft:sneak_time":2488,"minecraft:walk_under_water_one_cm":130067,"minecraft:jump":6825,"minecraft:interact_with_blast_furnace":6,"minecraft:walk_on_water_one_cm":101832,"minecraft:total_world_time":195761,"minecraft:interact_with_furnace":2,"minecraft:sleep_in_bed":4,"minecraft:time_since_rest":16498,"minecraft:damage_taken":9325,"minecraft:damage_absorbed":6,"minecraft:trigger_trapped_chest":1,"minecraft:damage_dealt":18739,"minecraft:swim_one_cm":36006,"minecraft:fly_one_cm":1485018,"minecraft:open_chest":80,"minecraft:crouch_one_cm":8121,"minecraft:fall_one_cm":164770,"minecraft:horse_one_cm":5375},"minecraft:picked_up":{"minecraft:crafting_table":5,"minecraft:wheat":3,"minecraft:clay_ball":120,"iceandfire:chain":1,"owleaf_brainrot_italian:lanza_misil":1,"minecraft:chain":2,"minecraft:moss_carpet":43,"minecraft:raw_copper":27,"minecraft:gold_nugget":30,"minecraft:tnt_minecart":1,"minecraft:cobbled_deepslate":17,"minecraft:spruce_planks":1,"minecraft:beef":8,"iceandfire:armor_silver_metal_leggings":1,"minecraft:azalea":9,"minecraft:iron_pickaxe":1,"minecraft:birch_sapling":1,"iceandfire:dragonscales_red":41,"minecraft:stick":3,"minecraft:raw_iron":31,"minecraft:torch":3,"minecraft:spruce_stairs":3,"minecraft:porkchop":2,"iceandfire:armor_silver_leggings":1,"minecraft:redstone":52,"alexsmobs:crocodile_scute":1,"minecraft:arrow":7,"minecraft:rotten_flesh":17,"minecraft:peony":1,"minecraft:hay_block":36,"iceandfire:fire_dragon_heart":1,"minecraft:totem_of_undying":2,"minecraft:glow_berries":4,"minecraft:cobblestone":15,"minecraft:birch_log":1,"iceandfire:armor_silver_chestplate":1,"minecraft:leather":2,"minecraft:flint":1,"minecraft:oak_log":3,"minecraft:gunpowder":2,"minecraft:lapis_lazuli":19,"minecraft:dirt":5,"minecraft:white_banner":2,"minecraft:cooked_mutton":1,"minecraft:smooth_sandstone":2,"minecraft:bone":21,"minecraft:stone_bricks":2,"minecraft:bow":1,"minecraft:wheat_seeds":8,"minecraft:raw_gold":9,"minecraft:spruce_wood":9,"minecraft:moss_block":4,"minecraft:flowering_azalea":1,"minecraft:oak_planks":10,"iceandfire:fire_dragon_flesh":15,"iceandfire:chared_stone":20,"iceandfire:ash":3,"minecraft:gravel":30,"minecraft:raw_iron_block":1,"minecraft:sand":5,"minecraft:white_bed":2,"minecraft:spruce_log":21,"iceandfire:chared_cobblestone":21,"alexsmobs:guster_eye":1,"minecraft:sugar":4,"minecraft:slime_ball":12,"minecraft:diamond":13,"minecraft:lever":1,"minecraft:crossbow":1,"minecraft:bone_meal":54,"iceandfire:armor_silver_boots":1,"minecraft:emerald":8,"iceandfire:armor_silver_helmet":1,"iceandfire:raw_silver":1,"minecraft:coal":101},"minecraft:mined":{"minecraft:tuff":1,"minecraft:spruce_planks":2,"minecraft:white_bed":2,"minecraft:deepslate_diamond_ore":13,"minecraft:lever":1,"minecraft:grass_block":2,"minecraft:moss_block":1,"minecraft:sandstone_stairs":1,"minecraft:large_fern":1,"minecraft:hay_block":36,"minecraft:raw_iron_block":1,"minecraft:iron_ore":11,"minecraft:fire":3,"minecraft:deepslate_lapis_ore":4,"minecraft:peony":1,"minecraft:cave_vines":1,"minecraft:dirt_path":1,"minecraft:deepslate_iron_ore":20,"minecraft:spruce_wood":9,"minecraft:stone":15,"iceandfire:chared_cobblestone":23,"minecraft:deepslate_redstone_ore":12,"minecraft:flowering_azalea":1,"minecraft:soul_fire":4,"minecraft:crafting_table":5,"minecraft:clay":1,"minecraft:smooth_sandstone":2,"minecraft:emerald_ore":5,"minecraft:cobblestone":1,"minecraft:tall_grass":45,"minecraft:deepslate_gold_ore":9,"minecraft:oak_planks":1,"minecraft:big_dripleaf":1,"minecraft:birch_log":1,"minecraft:wheat":3,"minecraft:spruce_log":21,"iceandfire:ash":1,"minecraft:grass":54,"minecraft:coal_ore":110,"minecraft:oak_log":3,"minecraft:sand":2,"minecraft:dirt":2,"minecraft:stone_bricks":5,"minecraft:small_dripleaf":1,"minecraft:deepslate":16,"minecraft:fern":1,"iceandfire:chared_stone":22},"minecraft:killed":{"minecraft:evoker":2,"minecraft:witch":2,"alexsmobs:tarantula_hawk":1,"minecraft:spider":3,"minecraft:vindicator":2,"minecraft:slime":16,"creeperoverhaul:dripstone_creeper":1,"minecraft:skeleton":18,"owleaf_brainrot_italian:bombardino_cocodrilo":1,"iceandfire:fire_dragon":1,"minecraft:husk":1,"alexsmobs:guster":2,"minecraft:pig":3,"minecraft:zombie_villager":2,"minecraft:creeper":1,"minecraft:pillager":15,"alexsmobs:flutter":1,"alexsmobs:crocodile":1,"minecraft:zombie":24,"minecraft:cow":4},"minecraft:used":{"minecraft:stone_sword":21,"minecraft:shield":51,"minecraft:iron_sword":266,"minecraft:torch":298,"owleaf_brainrot_italian:bombardino_cocodrilo_spawn_egg":1,"minecraft:iron_axe":131,"minecraft:smooth_sandstone":2,"minecraft:totem_of_undying":1,"minecraft:stone_bricks":2,"minecraft:bow":8,"minecraft:cooked_beef":6,"minecraft:cooked_mutton":1,"minecraft:water_bucket":3,"minecraft:birch_planks":2,"minecraft:glow_berries":2,"minecraft:sand":5,"minecraft:crafting_table":4,"minecraft:white_bed":1,"minecraft:lever":1,"minecraft:bread":123,"minecraft:iron_pickaxe":280,"iceandfire:chared_cobblestone":8,"minecraft:bucket":3,"owleaf_brainrot_italian:tralalero_tralala_spawn_egg":4,"minecraft:experience_bottle":1},"minecraft:killed_by":{"minecraft:spider":1,"iceandfire:fire_dragon":2},"minecraft:crafted":{"minecraft:oak_planks":12,"minecraft:raw_iron":9,"minecraft:iron_axe":1,"minecraft:wheat":324,"minecraft:spruce_planks":120,"minecraft:bucket":1,"minecraft:birch_planks":4,"minecraft:bread":121,"minecraft:shield":1,"minecraft:stick":108,"minecraft:iron_pickaxe":1,"minecraft:torch":316}},"DataVersion":3465}