{"stats":{"minecraft:picked_up":{"minecraft:crafting_table":1,"minecraft:cooked_mutton":1,"minecraft:rotten_flesh":1,"minecraft:wheat_seeds":4,"owleaf_brainrot_italian:lanza_misil":1},"minecraft:custom":{"minecraft:open_chest":2,"minecraft:time_since_rest":708,"minecraft:crouch_one_cm":396,"minecraft:play_time":38236,"minecraft:sprint_one_cm":109218,"minecraft:damage_taken":1095,"minecraft:deaths":5,"minecraft:walk_one_cm":44115,"minecraft:sneak_time":223,"minecraft:walk_under_water_one_cm":5066,"minecraft:mob_kills":2,"minecraft:jump":940,"minecraft:damage_dealt":1500,"minecraft:interact_with_blast_furnace":1,"minecraft:leave_game":3,"minecraft:time_since_death":8029,"minecraft:walk_on_water_one_cm":1222,"minecraft:sleep_in_bed":2,"minecraft:climb_one_cm":968,"minecraft:total_world_time":38236,"minecraft:swim_one_cm":8489,"minecraft:fall_one_cm":24251,"minecraft:fly_one_cm":488476},"minecraft:mined":{"minecraft:large_fern":1,"minecraft:grass":42,"minecraft:tall_grass":33,"minecraft:small_dripleaf":1,"minecraft:crafting_table":1,"minecraft:fern":1},"minecraft:killed":{"owleaf_brainrot_italian:bombardino_cocodrilo":1,"minecraft:zombie":1},"minecraft:used":{"minecraft:cooked_mutton":1,"owleaf_brainrot_italian:bombardino_cocodrilo_spawn_egg":1,"minecraft:stone_sword":21,"owleaf_brainrot_italian:tralalero_tralala_spawn_egg":4},"minecraft:killed_by":{"minecraft:spider":1}},"DataVersion":3465}