{"stats":{"minecraft:killed_by":{"minecraft:spider":1},"minecraft:killed":{"owleaf_brainrot_italian:bombardino_cocodrilo":1,"minecraft:pillager":5,"alexsmobs:crocodile":1,"minecraft:zombie":2,"minecraft:vindicator":1,"minecraft:cow":4},"minecraft:crafted":{"minecraft:oak_planks":12,"minecraft:shield":1,"minecraft:iron_axe":1,"minecraft:stick":4,"minecraft:iron_pickaxe":1,"minecraft:birch_planks":4,"minecraft:bread":60,"minecraft:wheat":144},"minecraft:used":{"minecraft:cooked_mutton":1,"minecraft:stone_sword":21,"minecraft:birch_planks":2,"minecraft:iron_axe":18,"minecraft:bread":3,"minecraft:iron_pickaxe":4,"minecraft:shield":4,"minecraft:iron_sword":38,"owleaf_brainrot_italian:bombardino_cocodrilo_spawn_egg":1,"minecraft:crafting_table":2,"minecraft:cooked_beef":4,"owleaf_brainrot_italian:tralalero_tralala_spawn_egg":4},"minecraft:custom":{"minecraft:time_since_rest":17070,"minecraft:interact_with_furnace":1,"minecraft:sprint_one_cm":200952,"minecraft:damage_taken":1575,"minecraft:walk_one_cm":81800,"minecraft:damage_blocked_by_shield":110,"minecraft:mob_kills":14,"minecraft:damage_dealt":3835,"minecraft:interact_with_crafting_table":4,"minecraft:swim_one_cm":10975,"minecraft:talked_to_villager":2,"minecraft:fly_one_cm":610914,"minecraft:open_barrel":4,"minecraft:open_chest":23,"minecraft:crouch_one_cm":826,"minecraft:play_time":54598,"minecraft:deaths":5,"minecraft:sneak_time":320,"minecraft:walk_under_water_one_cm":5303,"minecraft:jump":1442,"minecraft:interact_with_blast_furnace":2,"minecraft:leave_game":3,"minecraft:time_since_death":24391,"minecraft:walk_on_water_one_cm":3031,"minecraft:sleep_in_bed":2,"minecraft:climb_one_cm":2843,"minecraft:total_world_time":54598,"minecraft:fall_one_cm":38153},"minecraft:mined":{"minecraft:large_fern":1,"minecraft:hay_block":16,"minecraft:white_bed":1,"minecraft:birch_log":1,"minecraft:wheat":3,"minecraft:peony":1,"minecraft:crafting_table":3,"minecraft:grass":45,"minecraft:oak_log":3,"minecraft:coal_ore":3,"minecraft:dirt_path":1,"minecraft:dirt":1,"minecraft:tall_grass":34,"minecraft:small_dripleaf":1,"minecraft:stone":1,"minecraft:fern":1},"minecraft:picked_up":{"minecraft:birch_log":1,"minecraft:crafting_table":3,"minecraft:wheat":3,"minecraft:leather":2,"owleaf_brainrot_italian:lanza_misil":1,"minecraft:oak_log":3,"minecraft:white_bed":1,"minecraft:dirt":2,"alexsmobs:crocodile_scute":1,"minecraft:cooked_mutton":1,"minecraft:rotten_flesh":1,"minecraft:wheat_seeds":4,"minecraft:peony":1,"minecraft:hay_block":16,"minecraft:beef":8,"minecraft:emerald":1,"minecraft:coal":3,"minecraft:cobblestone":1}},"DataVersion":3465}