{"stats":{"minecraft:dropped":{"minecraft:bread":64,"iceandfire:raw_silver":1,"minecraft:moss_block":4,"minecraft:wheat_seeds":8,"minecraft:plenty_pottery_sherd":1,"minecraft:spruce_stairs":3,"minecraft:item_frame":1,"minecraft:dirt":5,"iceandfire:armor_silver_metal_leggings":2,"minecraft:tnt_minecart":1,"iceandfire:dragonscales_red":16,"minecraft:chain":2,"minecraft:bone_meal":54,"iceandfire:ash":3,"minecraft:sugar":2,"minecraft:iron_pickaxe":1,"minecraft:moss_carpet":39,"minecraft:cobbled_deepslate":5,"minecraft:raw_copper":27,"minecraft:birch_sapling":1,"minecraft:rotten_flesh":17,"minecraft:clay_ball":88,"minecraft:iron_boots":1,"iceandfire:chain":1,"minecraft:azalea_leaves":4,"minecraft:peony":1,"iceandfire:chared_cobblestone":13,"minecraft:melon_seeds":1,"minecraft:blade_pottery_sherd":1,"minecraft:azalea":8,"minecraft:miner_pottery_sherd":1,"minecraft:arrow":1,"iceandfire:fire_dragon_heart":1,"minecraft:smooth_red_sandstone_stairs":1,"minecraft:flowering_azalea_leaves":3,"minecraft:heartbreak_pottery_sherd":1},"minecraft:custom":{"minecraft:mob_kills":111,"minecraft:interact_with_crafting_table":14,"minecraft:open_barrel":5,"minecraft:damage_dealt_resisted":1,"minecraft:leave_game":8,"minecraft:time_since_death":62578,"minecraft:climb_one_cm":17769,"minecraft:sprint_one_cm":1153342,"minecraft:walk_one_cm":402171,"minecraft:damage_blocked_by_shield":1783,"minecraft:drop":67,"minecraft:damage_dealt_absorbed":2,"minecraft:talked_to_villager":2,"minecraft:play_time":241886,"minecraft:sneak_time":3626,"minecraft:deaths":11,"minecraft:walk_under_water_one_cm":130919,"minecraft:jump":8041,"minecraft:interact_with_blast_furnace":7,"minecraft:walk_on_water_one_cm":104944,"minecraft:total_world_time":241886,"minecraft:interact_with_furnace":2,"minecraft:sleep_in_bed":5,"minecraft:time_since_rest":32556,"minecraft:damage_taken":12640,"minecraft:damage_absorbed":6,"minecraft:trigger_trapped_chest":2,"minecraft:damage_dealt":20233,"minecraft:swim_one_cm":40760,"minecraft:fly_one_cm":1809402,"minecraft:open_chest":143,"minecraft:crouch_one_cm":11739,"minecraft:interact_with_smoker":2,"minecraft:fall_one_cm":227407,"minecraft:horse_one_cm":5375},"minecraft:picked_up":{"minecraft:crafting_table":8,"minecraft:wheat":10,"minecraft:chicken":2,"minecraft:clay_ball":120,"iceandfire:chain":1,"owleaf_brainrot_italian:lanza_misil":1,"minecraft:chain":2,"minecraft:string":2,"minecraft:moss_carpet":43,"minecraft:raw_copper":27,"minecraft:item_frame":1,"minecraft:blackstone":3,"minecraft:cobbled_deepslate":17,"minecraft:tnt_minecart":1,"minecraft:gold_nugget":30,"minecraft:spruce_planks":1,"minecraft:beef":8,"iceandfire:armor_silver_metal_leggings":1,"minecraft:azalea":9,"minecraft:iron_pickaxe":1,"minecraft:birch_sapling":1,"iceandfire:dragonscales_red":41,"minecraft:stick":3,"minecraft:raw_iron":33,"minecraft:torch":3,"minecraft:spruce_stairs":3,"minecraft:porkchop":2,"iceandfire:armor_silver_leggings":1,"minecraft:redstone":52,"minecraft:prismarine_crystals":1,"alexsmobs:crocodile_scute":1,"minecraft:arrow":7,"minecraft:rotten_flesh":17,"minecraft:peony":1,"minecraft:hay_block":119,"iceandfire:fire_dragon_heart":1,"minecraft:totem_of_undying":2,"minecraft:glow_berries":4,"minecraft:cobblestone":15,"minecraft:heartbreak_pottery_sherd":1,"minecraft:birch_log":1,"minecraft:smooth_red_sandstone_stairs":1,"iceandfire:armor_silver_chestplate":1,"minecraft:feather":1,"minecraft:leather":2,"minecraft:tuff":2,"minecraft:flint":1,"minecraft:oak_log":8,"minecraft:gunpowder":2,"minecraft:lapis_lazuli":19,"minecraft:dirt":5,"minecraft:white_banner":2,"minecraft:cooked_mutton":1,"minecraft:smooth_sandstone":2,"minecraft:bone":21,"minecraft:stone_bricks":2,"minecraft:bow":1,"minecraft:red_sandstone":1,"minecraft:wheat_seeds":13,"minecraft:raw_gold":9,"minecraft:spruce_wood":9,"minecraft:blade_pottery_sherd":1,"aether:book_of_lore":1,"minecraft:moss_block":4,"iceandfire:fire_dragon_flesh":15,"minecraft:oak_planks":10,"minecraft:flowering_azalea":1,"iceandfire:chared_stone":20,"iceandfire:ash":3,"minecraft:raw_iron_block":1,"minecraft:gravel":30,"minecraft:sand":5,"minecraft:white_bed":2,"minecraft:spruce_log":23,"minecraft:spider_eye":1,"iceandfire:chared_cobblestone":21,"minecraft:cut_red_sandstone":1,"alexsmobs:guster_eye":1,"minecraft:sugar":4,"minecraft:slime_ball":12,"minecraft:diamond":16,"minecraft:lever":1,"minecraft:miner_pottery_sherd":1,"minecraft:crossbow":1,"minecraft:bone_meal":54,"iceandfire:armor_silver_boots":1,"minecraft:emerald":8,"aether:blue_aercloud":1,"minecraft:plenty_pottery_sherd":1,"minecraft:melon_seeds":2,"iceandfire:armor_silver_helmet":1,"minecraft:coal":101,"iceandfire:raw_silver":1},"minecraft:broken":{"aether:golden_parachute":1,"minecraft:iron_boots":1,"aether:iron_gloves":1,"minecraft:iron_axe":1,"minecraft:iron_sword":1},"minecraft:killed":{"minecraft:evoker":2,"minecraft:witch":2,"alexsmobs:tarantula_hawk":1,"minecraft:spider":7,"minecraft:vindicator":2,"minecraft:slime":16,"creeperoverhaul:dripstone_creeper":1,"minecraft:skeleton":18,"owleaf_brainrot_italian:bombardino_cocodrilo":1,"iceandfire:fire_dragon":1,"aether:blue_swet":1,"minecraft:husk":1,"alexsmobs:guster":2,"minecraft:pig":3,"minecraft:zombie_villager":2,"minecraft:creeper":1,"minecraft:pillager":15,"minecraft:zombie":25,"alexsmobs:flutter":1,"alexsmobs:crocodile":1,"minecraft:cow":4},"minecraft:used":{"minecraft:stone_sword":21,"minecraft:shield":51,"minecraft:iron_sword":266,"minecraft:torch":375,"owleaf_brainrot_italian:bombardino_cocodrilo_spawn_egg":1,"minecraft:milk_bucket":1,"minecraft:iron_hoe":51,"minecraft:iron_axe":163,"minecraft:smooth_sandstone":2,"minecraft:totem_of_undying":1,"minecraft:stone_bricks":2,"minecraft:bow":8,"minecraft:cooked_beef":6,"minecraft:cobbled_deepslate":12,"minecraft:cooked_mutton":1,"minecraft:water_bucket":6,"minecraft:birch_planks":2,"minecraft:blackstone":3,"minecraft:glow_berries":2,"minecraft:sand":5,"minecraft:crafting_table":7,"minecraft:white_bed":1,"minecraft:lever":1,"minecraft:bread":146,"minecraft:iron_pickaxe":300,"iceandfire:chared_cobblestone":8,"minecraft:diamond_sword":14,"aether:golden_parachute":6,"minecraft:bucket":7,"owleaf_brainrot_italian:tralalero_tralala_spawn_egg":4,"minecraft:experience_bottle":1},"minecraft:mined":{"minecraft:tuff":1,"minecraft:spruce_planks":2,"minecraft:white_bed":2,"minecraft:deepslate_diamond_ore":16,"minecraft:lever":1,"minecraft:smooth_red_sandstone_stairs":1,"minecraft:grass_block":2,"minecraft:decorated_pot":1,"minecraft:moss_block":1,"minecraft:sandstone_stairs":1,"minecraft:large_fern":1,"minecraft:hay_block":87,"minecraft:raw_iron_block":1,"minecraft:iron_ore":11,"minecraft:red_sandstone":1,"minecraft:fire":6,"minecraft:deepslate_lapis_ore":4,"minecraft:peony":1,"minecraft:cave_vines":1,"minecraft:deepslate_iron_ore":22,"minecraft:dirt_path":1,"minecraft:spruce_wood":9,"minecraft:stone":15,"iceandfire:chared_cobblestone":23,"minecraft:deepslate_redstone_ore":12,"minecraft:flowering_azalea":1,"minecraft:blackstone":8,"minecraft:soul_fire":4,"minecraft:clay":1,"minecraft:smooth_sandstone":2,"minecraft:crafting_table":8,"minecraft:emerald_ore":5,"minecraft:tall_grass":46,"minecraft:cobblestone":1,"minecraft:deepslate_gold_ore":9,"minecraft:oak_planks":1,"minecraft:big_dripleaf":1,"minecraft:birch_log":1,"minecraft:wheat":3,"minecraft:spruce_log":21,"iceandfire:ash":1,"minecraft:grass":56,"minecraft:oak_log":9,"minecraft:coal_ore":110,"minecraft:dirt":2,"minecraft:sand":2,"minecraft:smooth_basalt":1,"minecraft:acacia_planks":1,"minecraft:cut_red_sandstone":1,"minecraft:stone_bricks":5,"minecraft:small_dripleaf":1,"skyfall:sky_rock":1,"minecraft:deepslate":16,"minecraft:fern":1,"iceandfire:chared_stone":22},"minecraft:killed_by":{"minecraft:spider":1,"iceandfire:fire_dragon":2},"minecraft:crafted":{"minecraft:oak_planks":32,"minecraft:raw_iron":9,"minecraft:iron_axe":2,"minecraft:wheat":776,"minecraft:diamond_sword":1,"minecraft:spruce_planks":128,"minecraft:bucket":1,"minecraft:birch_planks":4,"minecraft:bread":254,"minecraft:shield":1,"minecraft:stick":108,"minecraft:iron_pickaxe":1,"minecraft:torch":416}},"DataVersion":3465}