{"stats":{"minecraft:dropped":{"minecraft:bread":64,"iceandfire:raw_silver":1,"minecraft:moss_block":4,"minecraft:wheat_seeds":8,"minecraft:plenty_pottery_sherd":1,"minecraft:spruce_stairs":3,"minecraft:item_frame":1,"minecraft:dirt":5,"iceandfire:armor_silver_metal_leggings":2,"minecraft:tnt_minecart":1,"iceandfire:dragonscales_red":16,"minecraft:chain":2,"minecraft:bone_meal":54,"iceandfire:ash":3,"minecraft:sugar":2,"minecraft:iron_pickaxe":1,"minecraft:moss_carpet":39,"minecraft:raw_copper":27,"minecraft:birch_sapling":1,"minecraft:rotten_flesh":17,"minecraft:clay_ball":88,"minecraft:iron_boots":1,"iceandfire:chain":1,"minecraft:azalea_leaves":4,"minecraft:peony":1,"iceandfire:chared_cobblestone":13,"minecraft:melon_seeds":1,"minecraft:blade_pottery_sherd":1,"minecraft:azalea":8,"minecraft:miner_pottery_sherd":1,"minecraft:arrow":1,"iceandfire:fire_dragon_heart":1,"minecraft:smooth_red_sandstone_stairs":1,"minecraft:flowering_azalea_leaves":3,"minecraft:heartbreak_pottery_sherd":1},"minecraft:custom":{"minecraft:mob_kills":108,"minecraft:interact_with_crafting_table":14,"minecraft:open_barrel":5,"minecraft:damage_dealt_resisted":1,"minecraft:leave_game":8,"minecraft:time_since_death":53021,"minecraft:climb_one_cm":17769,"minecraft:sprint_one_cm":1096608,"minecraft:walk_one_cm":387052,"minecraft:damage_blocked_by_shield":1783,"minecraft:drop":64,"minecraft:damage_dealt_absorbed":2,"minecraft:talked_to_villager":2,"minecraft:play_time":232329,"minecraft:sneak_time":3269,"minecraft:deaths":11,"minecraft:walk_under_water_one_cm":130919,"minecraft:jump":7806,"minecraft:interact_with_blast_furnace":7,"minecraft:walk_on_water_one_cm":103569,"minecraft:total_world_time":232329,"minecraft:interact_with_furnace":2,"minecraft:sleep_in_bed":5,"minecraft:time_since_rest":22999,"minecraft:damage_taken":9392,"minecraft:damage_absorbed":6,"minecraft:trigger_trapped_chest":2,"minecraft:damage_dealt":19744,"minecraft:swim_one_cm":40760,"minecraft:fly_one_cm":1760961,"minecraft:open_chest":140,"minecraft:crouch_one_cm":9761,"minecraft:interact_with_smoker":2,"minecraft:fall_one_cm":189432,"minecraft:horse_one_cm":5375},"minecraft:picked_up":{"minecraft:crafting_table":8,"minecraft:wheat":10,"minecraft:chicken":2,"minecraft:clay_ball":120,"iceandfire:chain":1,"owleaf_brainrot_italian:lanza_misil":1,"minecraft:chain":2,"minecraft:string":2,"minecraft:moss_carpet":43,"minecraft:raw_copper":27,"minecraft:item_frame":1,"minecraft:cobbled_deepslate":17,"minecraft:tnt_minecart":1,"minecraft:gold_nugget":30,"minecraft:spruce_planks":1,"minecraft:beef":8,"iceandfire:armor_silver_metal_leggings":1,"minecraft:azalea":9,"minecraft:iron_pickaxe":1,"minecraft:birch_sapling":1,"iceandfire:dragonscales_red":41,"minecraft:stick":3,"minecraft:raw_iron":31,"minecraft:torch":3,"minecraft:spruce_stairs":3,"minecraft:porkchop":2,"iceandfire:armor_silver_leggings":1,"minecraft:redstone":52,"minecraft:prismarine_crystals":1,"alexsmobs:crocodile_scute":1,"minecraft:arrow":7,"minecraft:rotten_flesh":17,"minecraft:peony":1,"minecraft:hay_block":119,"iceandfire:fire_dragon_heart":1,"minecraft:totem_of_undying":2,"minecraft:glow_berries":4,"minecraft:cobblestone":15,"minecraft:heartbreak_pottery_sherd":1,"minecraft:birch_log":1,"minecraft:smooth_red_sandstone_stairs":1,"iceandfire:armor_silver_chestplate":1,"minecraft:feather":1,"minecraft:leather":2,"minecraft:flint":1,"minecraft:oak_log":8,"minecraft:gunpowder":2,"minecraft:lapis_lazuli":19,"minecraft:dirt":5,"minecraft:white_banner":2,"minecraft:cooked_mutton":1,"minecraft:smooth_sandstone":2,"minecraft:bone":21,"minecraft:stone_bricks":2,"minecraft:bow":1,"minecraft:red_sandstone":1,"minecraft:wheat_seeds":13,"minecraft:raw_gold":9,"minecraft:spruce_wood":9,"minecraft:blade_pottery_sherd":1,"aether:book_of_lore":1,"minecraft:moss_block":4,"iceandfire:fire_dragon_flesh":15,"minecraft:oak_planks":10,"minecraft:flowering_azalea":1,"iceandfire:chared_stone":20,"iceandfire:ash":3,"minecraft:raw_iron_block":1,"minecraft:gravel":30,"minecraft:sand":5,"minecraft:white_bed":2,"minecraft:spruce_log":23,"minecraft:spider_eye":1,"iceandfire:chared_cobblestone":21,"minecraft:cut_red_sandstone":1,"alexsmobs:guster_eye":1,"minecraft:sugar":4,"minecraft:slime_ball":12,"minecraft:diamond":13,"minecraft:lever":1,"minecraft:miner_pottery_sherd":1,"minecraft:crossbow":1,"minecraft:bone_meal":54,"iceandfire:armor_silver_boots":1,"minecraft:emerald":8,"minecraft:plenty_pottery_sherd":1,"minecraft:melon_seeds":2,"iceandfire:armor_silver_helmet":1,"minecraft:coal":101,"iceandfire:raw_silver":1},"minecraft:broken":{"aether:golden_parachute":1,"minecraft:iron_boots":1,"aether:iron_gloves":1,"minecraft:iron_axe":1,"minecraft:iron_sword":1},"minecraft:killed":{"minecraft:evoker":2,"minecraft:witch":2,"alexsmobs:tarantula_hawk":1,"minecraft:spider":6,"minecraft:vindicator":2,"minecraft:slime":16,"creeperoverhaul:dripstone_creeper":1,"minecraft:skeleton":18,"owleaf_brainrot_italian:bombardino_cocodrilo":1,"iceandfire:fire_dragon":1,"minecraft:husk":1,"alexsmobs:guster":2,"minecraft:pig":3,"minecraft:zombie_villager":2,"minecraft:creeper":1,"minecraft:pillager":15,"minecraft:zombie":24,"alexsmobs:flutter":1,"alexsmobs:crocodile":1,"minecraft:cow":4},"minecraft:used":{"minecraft:stone_sword":21,"minecraft:shield":51,"minecraft:iron_sword":266,"minecraft:torch":318,"owleaf_brainrot_italian:bombardino_cocodrilo_spawn_egg":1,"minecraft:iron_hoe":51,"minecraft:iron_axe":163,"minecraft:smooth_sandstone":2,"minecraft:totem_of_undying":1,"minecraft:stone_bricks":2,"minecraft:bow":8,"minecraft:cooked_beef":6,"minecraft:cooked_mutton":1,"minecraft:water_bucket":3,"minecraft:birch_planks":2,"minecraft:glow_berries":2,"minecraft:sand":5,"minecraft:crafting_table":7,"minecraft:white_bed":1,"minecraft:lever":1,"minecraft:bread":137,"minecraft:iron_pickaxe":285,"iceandfire:chared_cobblestone":8,"minecraft:diamond_sword":2,"aether:golden_parachute":6,"minecraft:bucket":4,"owleaf_brainrot_italian:tralalero_tralala_spawn_egg":4,"minecraft:experience_bottle":1},"minecraft:mined":{"minecraft:tuff":1,"minecraft:spruce_planks":2,"minecraft:white_bed":2,"minecraft:deepslate_diamond_ore":13,"minecraft:lever":1,"minecraft:smooth_red_sandstone_stairs":1,"minecraft:grass_block":2,"minecraft:decorated_pot":1,"minecraft:moss_block":1,"minecraft:sandstone_stairs":1,"minecraft:large_fern":1,"minecraft:hay_block":87,"minecraft:raw_iron_block":1,"minecraft:iron_ore":11,"minecraft:red_sandstone":1,"minecraft:fire":5,"minecraft:deepslate_lapis_ore":4,"minecraft:peony":1,"minecraft:cave_vines":1,"minecraft:deepslate_iron_ore":20,"minecraft:dirt_path":1,"minecraft:spruce_wood":9,"minecraft:stone":15,"iceandfire:chared_cobblestone":23,"minecraft:deepslate_redstone_ore":12,"minecraft:flowering_azalea":1,"minecraft:soul_fire":4,"minecraft:clay":1,"minecraft:smooth_sandstone":2,"minecraft:crafting_table":8,"minecraft:emerald_ore":5,"minecraft:tall_grass":46,"minecraft:cobblestone":1,"minecraft:deepslate_gold_ore":9,"minecraft:oak_planks":1,"minecraft:big_dripleaf":1,"minecraft:birch_log":1,"minecraft:wheat":3,"minecraft:spruce_log":21,"iceandfire:ash":1,"minecraft:grass":56,"minecraft:oak_log":9,"minecraft:coal_ore":110,"minecraft:dirt":2,"minecraft:sand":2,"minecraft:acacia_planks":1,"minecraft:cut_red_sandstone":1,"minecraft:stone_bricks":5,"minecraft:small_dripleaf":1,"skyfall:sky_rock":1,"minecraft:deepslate":16,"minecraft:fern":1,"iceandfire:chared_stone":22},"minecraft:killed_by":{"minecraft:spider":1,"iceandfire:fire_dragon":2},"minecraft:crafted":{"minecraft:oak_planks":32,"minecraft:raw_iron":9,"minecraft:iron_axe":2,"minecraft:wheat":776,"minecraft:diamond_sword":1,"minecraft:spruce_planks":128,"minecraft:bucket":1,"minecraft:birch_planks":4,"minecraft:bread":254,"minecraft:shield":1,"minecraft:stick":108,"minecraft:iron_pickaxe":1,"minecraft:torch":316}},"DataVersion":3465}