{"stats":{"minecraft:dropped":{"iceandfire:raw_silver":3,"minecraft:birch_planks":2,"minecraft:dark_oak_stairs":1,"minecraft:oak_log":3,"minecraft:baked_potato":21,"minecraft:ender_pearl":1,"minecraft:red_wool":1,"minecraft:red_carpet":34,"minecraft:dirt":8,"minecraft:dark_oak_log":1,"minecraft:cut_sandstone":22,"minecraft:wooden_sword":2,"minecraft:sand":7,"minecraft:dark_oak_planks":17,"minecraft:birch_log":3,"minecraft:danger_pottery_sherd":1,"minecraft:bone":2,"minecraft:gravel":11,"minecraft:white_tulip":1,"minecraft:prize_pottery_sherd":1,"minecraft:stone_axe":1,"minecraft:sugar_cane":1,"minecraft:iron_nugget":3,"minecraft:cobbled_deepslate":180,"minecraft:rotten_flesh":61,"minecraft:oak_planks":7,"minecraft:azure_bluet":1,"minecraft:carrot":15,"minecraft:cartography_table":1,"minecraft:iron_ingot":4,"minecraft:bread":9,"minecraft:chiseled_nether_bricks":2,"minecraft:wheat_seeds":23,"minecraft:mossy_cobblestone":2,"minecraft:feather":1,"minecraft:cobblestone":164,"minecraft:amethyst_block":2,"minecraft:burn_pottery_sherd":1,"minecraft:grass_block":1,"minecraft:stick":2,"minecraft:torch":1,"minecraft:melon_slice":22,"minecraft:raw_iron_block":9,"minecraft:string":6,"minecraft:gray_carpet":5,"minecraft:skull_pottery_sherd":1,"minecraft:chiseled_sandstone":1,"minecraft:smooth_basalt":2,"iceandfire:silver_nugget":9,"minecraft:kelp":3,"minecraft:stone_sword":1,"minecraft:raw_copper":8,"minecraft:light_gray_terracotta":13,"minecraft:tuff":4,"minecraft:white_carpet":2,"minecraft:clay_ball":58,"minecraft:stone_slab":1,"minecraft:nether_bricks":2,"minecraft:spruce_fence":7,"minecraft:shears":1,"minecraft:potato":16,"minecraft:hay_block":3,"aether:iron_gloves":1,"minecraft:spider_eye":3,"minecraft:stone_pickaxe":3,"minecraft:calcite":2},"minecraft:custom":{"minecraft:animals_bred":1,"minecraft:interact_with_crafting_table":81,"minecraft:open_barrel":19,"minecraft:leave_game":6,"minecraft:time_since_death":358785,"minecraft:sprint_one_cm":497550,"minecraft:damage_blocked_by_shield":22546,"minecraft:drop":129,"minecraft:talked_to_villager":12,"minecraft:play_time":478541,"minecraft:deaths":9,"minecraft:jump":7489,"minecraft:walk_on_water_one_cm":255412,"minecraft:interact_with_furnace":114,"minecraft:sleep_in_bed":6,"minecraft:damage_dealt":62208,"minecraft:crouch_one_cm":72412,"minecraft:horse_one_cm":670849,"minecraft:mob_kills":272,"minecraft:interact_with_anvil":3,"minecraft:interact_with_campfire":2,"minecraft:climb_one_cm":5962,"minecraft:walk_one_cm":1978443,"minecraft:damage_dealt_absorbed":80,"minecraft:sneak_time":30092,"minecraft:walk_under_water_one_cm":230099,"minecraft:boat_one_cm":94086,"minecraft:interact_with_blast_furnace":2,"minecraft:total_world_time":478541,"minecraft:raid_trigger":1,"minecraft:time_since_rest":304785,"minecraft:trigger_trapped_chest":2,"minecraft:damage_taken":15513,"minecraft:swim_one_cm":165696,"minecraft:fly_one_cm":1106905,"minecraft:open_chest":160,"minecraft:fish_caught":1,"minecraft:fall_one_cm":177515},"minecraft:picked_up":{"minecraft:wooden_axe":1,"iceandfire:deathworm_egg":1,"minecraft:wheat":54,"minecraft:anvil":1,"minecraft:prismarine_shard":1,"minecraft:stone_slab":2,"aether:iron_gloves":1,"minecraft:oak_stairs":2,"minecraft:amethyst_block":2,"minecraft:string":45,"minecraft:raw_copper":8,"minecraft:cooked_salmon":2,"minecraft:tnt_minecart":1,"minecraft:gold_nugget":50,"minecraft:cobbled_deepslate":203,"minecraft:comparator":1,"minecraft:white_tulip":1,"minecraft:calcite":2,"minecraft:melon_slice":85,"minecraft:furnace":22,"minecraft:stick":5,"minecraft:deepslate_brick_wall":1,"minecraft:big_dripleaf":2,"minecraft:oak_fence":2,"minecraft:torch":53,"iceandfire:dragonscales_white":35,"alexsmobs:centipede_leg":1,"minecraft:chiseled_nether_bricks":2,"minecraft:rotten_flesh":140,"iceandfire:deathworm_chitin_yellow":1,"iceandfire:fire_dragon_heart":4,"minecraft:blaze_rod":3,"minecraft:obsidian":4,"minecraft:cobblestone":464,"minecraft:birch_log":3,"minecraft:feather":1,"minecraft:jungle_log":4,"minecraft:andesite":3,"minecraft:golden_leggings":1,"minecraft:potato":73,"minecraft:flint":1,"minecraft:tuff":46,"minecraft:danger_pottery_sherd":1,"iceandfire:dragonscales_bronze":17,"minecraft:lapis_lazuli":17,"minecraft:dirt":42,"minecraft:bone":63,"minecraft:bow":2,"minecraft:wheat_seeds":132,"minecraft:raw_gold":86,"iceandfire:armor_white_leggings":1,"minecraft:moss_block":3,"minecraft:oak_planks":5,"iceandfire:dragon_skull_fire":1,"iceandfire:shiny_scales":3,"minecraft:sand":13,"sophisticatedbackpacks:iron_backpack":1,"minecraft:grass_block":1,"minecraft:chiseled_sandstone":1,"minecraft:dark_oak_log":2,"minecraft:mossy_cobblestone":2,"minecraft:light_gray_terracotta":13,"minecraft:diamond":45,"minecraft:emerald":17,"minecraft:bread":3,"minecraft:oak_sapling":6,"minecraft:light_gray_carpet":1,"iceandfire:silver_nugget":126,"iceandfire:raw_silver":3,"minecraft:crafting_table":21,"minecraft:azure_bluet":1,"minecraft:clay_ball":74,"iceandfire:chain":1,"minecraft:iron_axe":1,"minecraft:wooden_sword":1,"minecraft:white_carpet":19,"takesapillage:ravager_horn":1,"minecraft:cartography_table":1,"minecraft:oak_boat":7,"minecraft:light_gray_wool":1,"minecraft:iron_nugget":3,"minecraft:sugar_cane":1,"minecraft:chest":1,"minecraft:birch_sapling":2,"iceandfire:ice_dragon_heart":1,"minecraft:sandstone":4,"minecraft:raw_iron":122,"iceandfire:dragonscales_green":27,"iceandfire:dragonbone":39,"minecraft:spruce_fence":7,"minecraft:skull_pottery_sherd":1,"iceandfire:deathworm_chitin_white":7,"minecraft:carrot":37,"minecraft:prismarine_crystals":1,"minecraft:dark_oak_planks":32,"iceandfire:dragon_skull_ice":1,"minecraft:tnt":4,"minecraft:arrow":63,"minecraft:nether_bricks":4,"minecraft:shears":1,"minecraft:hay_block":21,"minecraft:sandstone_stairs":1,"minecraft:pink_tulip":1,"minecraft:totem_of_undying":3,"minecraft:mutton":3,"minecraft:white_wool":1,"minecraft:burn_pottery_sherd":1,"minecraft:salmon":1,"minecraft:cut_sandstone":54,"minecraft:birch_planks":17,"minecraft:oak_log":12,"minecraft:gunpowder":1,"minecraft:smooth_sandstone":7,"minecraft:red_carpet":39,"minecraft:gray_carpet":10,"minecraft:kelp":3,"minecraft:iron_ingot":2,"minecraft:stone_pickaxe":1,"iceandfire:fire_dragon_flesh":12,"minecraft:dark_oak_stairs":1,"minecraft:smooth_basalt":2,"minecraft:sweet_berries":53,"iceandfire:ash":2,"minecraft:red_wool":1,"minecraft:cracked_nether_bricks":1,"minecraft:raw_iron_block":9,"minecraft:gravel":24,"minecraft:prize_pottery_sherd":1,"minecraft:white_bed":7,"minecraft:spruce_log":11,"minecraft:crying_obsidian":1,"minecraft:spider_eye":5,"minecraft:stone_axe":1,"iceandfire:armor_white_chestplate":1,"minecraft:iron_helmet":1,"minecraft:coal":508,"minecraft:ender_pearl":2},"minecraft:broken":{"aether:golden_gloves":1,"iceandfire:armor_white_boots":1,"minecraft:iron_boots":1,"iceandfire:armor_white_helmet":1,"minecraft:iron_leggings":1,"takesapillage:ravager_horn":1,"minecraft:golden_leggings":1,"iceandfire:armor_white_leggings":1,"minecraft:stone_axe":1,"aether:chainmail_gloves":1,"aether:iron_gloves":1,"minecraft:wooden_pickaxe":1,"minecraft:shield":3,"iceandfire:armor_white_chestplate":1,"minecraft:iron_pickaxe":1,"minecraft:iron_helmet":3,"aether:leather_gloves":1},"minecraft:killed":{"minecraft:cave_spider":2,"minecraft:spider":30,"alexsmobs:murmur":1,"minecraft:skeleton":68,"owleaf_brainrot_italian:br_br_patapim":1,"alexsmobs:centipede_head":1,"minecraft:zombie_villager":1,"minecraft:creeper":2,"minecraft:pillager":6,"minecraft:zombie":87,"takesapillage:archer":4,"minecraft:blaze":4,"minecraft:vex":2,"minecraft:evoker":3,"minecraft:vindicator":11,"minecraft:phantom":1,"iceandfire:fire_dragon":2,"iceandfire:siren":1,"minecraft:drowned":8,"iceandfire:deathworm":1,"alexsmobs:rocky_roller":1,"minecraft:husk":9,"alexsmobs:guster":2,"takesapillage:skirmisher":4,"minecraft:ravager":1,"minecraft:enderman":4},"minecraft:used":{"minecraft:shield":1274,"minecraft:rotten_flesh":51,"minecraft:nether_bricks":2,"minecraft:carrot":44,"minecraft:tuff":27,"minecraft:axolotl_bucket":1,"minecraft:obsidian":8,"minecraft:big_dripleaf":2,"minecraft:birch_sapling":1,"minecraft:red_carpet":5,"minecraft:bow":17,"minecraft:sweet_berries":90,"minecraft:furnace":23,"minecraft:oak_sapling":5,"minecraft:potato":10,"minecraft:deepslate_brick_wall":1,"minecraft:gray_carpet":1,"minecraft:stone_pickaxe":107,"minecraft:wooden_pickaxe":60,"minecraft:sandstone":1,"minecraft:diamond_axe":81,"minecraft:sand":6,"minecraft:shears":8,"minecraft:string":1,"minecraft:dark_oak_log":1,"minecraft:melon_slice":63,"minecraft:bread":147,"minecraft:gravel":13,"minecraft:diamond_sword":1361,"minecraft:wooden_sword":7,"minecraft:andesite":2,"minecraft:oak_boat":7,"minecraft:bone_meal":55,"minecraft:stone_sword":111,"minecraft:flint_and_steel":4,"minecraft:cooked_salmon":3,"minecraft:torch":313,"minecraft:dirt":31,"minecraft:anvil":1,"minecraft:white_carpet":8,"minecraft:dark_oak_planks":9,"minecraft:smooth_sandstone":7,"minecraft:goat_horn":8,"minecraft:cobbled_deepslate":16,"minecraft:wheat_seeds":44,"minecraft:cooked_mutton":3,"minecraft:water_bucket":83,"minecraft:pink_tulip":1,"minecraft:baked_potato":26,"minecraft:cut_sandstone":32,"minecraft:crafting_table":23,"minecraft:white_bed":7,"minecraft:wooden_hoe":47,"minecraft:diamond_pickaxe":947,"minecraft:iron_pickaxe":252,"minecraft:stone_slab":1,"iceandfire:ash":2,"minecraft:stone_axe":110,"minecraft:fishing_rod":2,"minecraft:cobblestone":128,"minecraft:cooked_porkchop":2,"minecraft:bucket":86,"takesapillage:ravager_horn":1},"minecraft:mined":{"minecraft:dark_oak_planks":11,"minecraft:white_bed":7,"minecraft:farmland":10,"minecraft:sculk_vein":4,"minecraft:chiseled_red_sandstone":2,"minecraft:jungle_leaves":3,"minecraft:obsidian":10,"minecraft:grass_block":16,"minecraft:jungle_log":4,"minecraft:sandstone_stairs":1,"minecraft:tall_seagrass":1,"minecraft:raw_iron_block":3,"minecraft:sculk_catalyst":1,"minecraft:iron_ore":56,"minecraft:fire":187,"minecraft:anvil":1,"minecraft:azalea_leaves":2,"minecraft:tripwire":1,"minecraft:cut_sandstone":71,"minecraft:kelp_plant":1,"minecraft:deepslate_brick_wall":1,"minecraft:soul_fire":25,"minecraft:clay":12,"minecraft:torch":5,"minecraft:light_gray_terracotta":14,"minecraft:calcite":2,"minecraft:melon":16,"minecraft:chest":1,"minecraft:cobblestone":30,"minecraft:sugar_cane":1,"minecraft:oak_planks":3,"minecraft:wall_torch":5,"minecraft:amethyst_block":2,"minecraft:deepslate_copper_ore":3,"minecraft:wheat":39,"minecraft:blue_ice":4,"minecraft:light_gray_wool":8,"minecraft:tnt":4,"minecraft:grass":71,"minecraft:oak_log":12,"minecraft:sand":10,"minecraft:dirt":22,"minecraft:smooth_basalt":2,"skyfall:sky_rock":1,"minecraft:oak_leaves":7,"minecraft:deepslate":201,"minecraft:red_carpet":1,"minecraft:crying_obsidian":2,"minecraft:tuff":44,"iceandfire:silver_ore":2,"minecraft:mossy_cobblestone":3,"minecraft:deepslate_diamond_ore":44,"minecraft:dark_oak_log":2,"minecraft:nether_bricks":4,"minecraft:spruce_fence":8,"minecraft:decorated_pot":1,"iceandfire:deepslate_silver_ore":1,"minecraft:spruce_leaves":2,"minecraft:cartography_table":1,"minecraft:moss_block":1,"minecraft:kelp":2,"minecraft:sandstone":4,"minecraft:cracked_nether_bricks":1,"minecraft:large_fern":1,"minecraft:hay_block":18,"minecraft:furnace":23,"minecraft:carrots":10,"minecraft:chiseled_sandstone":1,"minecraft:andesite":5,"minecraft:stripped_spruce_log":2,"minecraft:potatoes":15,"minecraft:deepslate_iron_ore":68,"minecraft:packed_ice":5,"minecraft:stone":458,"minecraft:podzol":3,"minecraft:light_gray_carpet":13,"minecraft:acacia_leaves":1,"minecraft:comparator":1,"minecraft:chiseled_nether_bricks":2,"minecraft:brown_carpet":12,"minecraft:oak_fence":2,"minecraft:smooth_sandstone":7,"minecraft:crafting_table":21,"minecraft:emerald_ore":9,"minecraft:stone_slab":1,"minecraft:tall_grass":70,"minecraft:copper_ore":1,"minecraft:lapis_ore":4,"minecraft:deepslate_gold_ore":55,"minecraft:sculk":1,"minecraft:birch_planks":9,"minecraft:sweet_berry_bush":1,"minecraft:ice":2,"minecraft:white_carpet":12,"minecraft:spruce_log":12,"minecraft:coal_ore":183,"minecraft:sunflower":1,"minecraft:gravel":18,"minecraft:gray_carpet":20,"minecraft:cobweb":22,"minecraft:gold_ore":3,"minecraft:fern":1},"minecraft:killed_by":{"minecraft:zombie":1,"minecraft:player":1,"minecraft:skeleton":1},"minecraft:crafted":{"minecraft:oak_planks":48,"minecraft:cooked_mutton":3,"minecraft:bow":1,"minecraft:iron_boots":1,"minecraft:diamond_axe":1,"minecraft:crafting_table":3,"minecraft:spruce_planks":44,"minecraft:iron_helmet":2,"minecraft:wooden_pickaxe":1,"minecraft:baked_potato":99,"iceandfire:armor_white_boots":2,"minecraft:birch_planks":12,"minecraft:shield":3,"minecraft:diamond_pickaxe":1,"minecraft:wooden_hoe":1,"minecraft:iron_chestplate":2,"minecraft:charcoal":1,"iceandfire:armor_white_helmet":2,"minecraft:stick":104,"minecraft:iron_ingot":109,"minecraft:iron_pickaxe":1,"iceandfire:armor_white_chestplate":2,"minecraft:iron_block":3,"minecraft:stone_sword":1,"minecraft:gold_ingot":48,"minecraft:shears":1,"minecraft:wooden_sword":1,"minecraft:fishing_rod":1,"minecraft:furnace":7,"minecraft:bone_meal":93,"minecraft:flint_and_steel":1,"minecraft:stone_pickaxe":1,"minecraft:wheat":155,"minecraft:diamond_sword":1,"iceandfire:silver_ingot":13,"minecraft:cooked_salmon":1,"minecraft:bucket":2,"minecraft:stone_axe":1,"minecraft:jungle_planks":16,"minecraft:bread":72,"minecraft:air":0,"minecraft:oak_boat":1,"iceandfire:armor_white_leggings":2,"minecraft:white_wool":2,"minecraft:iron_leggings":1,"minecraft:anvil":1,"minecraft:white_bed":1,"minecraft:torch":320}},"DataVersion":3465}