{"stats":{"minecraft:dropped":{"minecraft:iron_ingot":4,"minecraft:oak_log":3,"minecraft:feather":1,"minecraft:cobblestone":21},"minecraft:broken":{"minecraft:wooden_pickaxe":1},"minecraft:custom":{"minecraft:interact_with_furnace":9,"minecraft:mob_kills":21,"minecraft:interact_with_crafting_table":17,"minecraft:leave_game":1,"minecraft:time_since_death":20353,"minecraft:time_since_rest":20397,"minecraft:sprint_one_cm":36777,"minecraft:damage_taken":2362,"minecraft:walk_one_cm":179509,"minecraft:damage_blocked_by_shield":716,"minecraft:drop":7,"minecraft:damage_dealt":4020,"minecraft:fly_one_cm":93237,"minecraft:open_chest":1,"minecraft:crouch_one_cm":10327,"minecraft:play_time":49060,"minecraft:deaths":6,"minecraft:sneak_time":4214,"minecraft:walk_under_water_one_cm":19245,"minecraft:jump":691,"minecraft:walk_on_water_one_cm":16858,"minecraft:total_world_time":49060,"minecraft:fall_one_cm":16508},"minecraft:picked_up":{"minecraft:wheat":11,"minecraft:crafting_table":7,"minecraft:feather":1,"minecraft:flint":1,"minecraft:oak_log":11,"minecraft:string":8,"minecraft:dirt":25,"minecraft:bone":11,"minecraft:wheat_seeds":34,"minecraft:iron_ingot":2,"minecraft:furnace":2,"minecraft:raw_iron":24,"minecraft:stick":4,"minecraft:gravel":13,"minecraft:spider_eye":1,"minecraft:mossy_cobblestone":2,"minecraft:arrow":4,"minecraft:rotten_flesh":8,"minecraft:oak_sapling":4,"minecraft:coal":85,"minecraft:white_wool":1,"minecraft:cobblestone":81},"minecraft:mined":{"minecraft:farmland":10,"minecraft:mossy_cobblestone":2,"minecraft:crafting_table":7,"minecraft:grass_block":1,"minecraft:tall_grass":16,"minecraft:cobblestone":3,"minecraft:furnace":2,"minecraft:iron_ore":24,"minecraft:wheat":11,"minecraft:fire":1,"minecraft:grass":14,"minecraft:oak_log":11,"minecraft:coal_ore":46,"minecraft:gravel":14,"minecraft:stone":75,"minecraft:oak_leaves":1},"minecraft:killed":{"minecraft:spider":7,"minecraft:creeper":1,"minecraft:skeleton":7,"minecraft:zombie":4,"minecraft:drowned":1},"minecraft:used":{"minecraft:wheat_seeds":33,"minecraft:stone_sword":105,"minecraft:stone_pickaxe":93,"minecraft:wooden_pickaxe":60,"minecraft:shield":27,"minecraft:rotten_flesh":9,"minecraft:torch":32,"minecraft:dirt":22,"minecraft:crafting_table":7,"minecraft:wooden_hoe":47,"minecraft:bread":3,"minecraft:gravel":13,"minecraft:stone_axe":6,"minecraft:wooden_sword":7,"minecraft:cobblestone":10,"minecraft:oak_sapling":4,"minecraft:furnace":2,"minecraft:cooked_porkchop":2,"minecraft:bucket":1,"minecraft:bone_meal":27},"minecraft:killed_by":{"minecraft:player":1,"minecraft:skeleton":1,"minecraft:zombie":1},"minecraft:crafted":{"minecraft:wooden_sword":1,"minecraft:oak_planks":36,"minecraft:crafting_table":1,"minecraft:wooden_pickaxe":1,"minecraft:furnace":1,"minecraft:bone_meal":27,"minecraft:bucket":1,"minecraft:stone_axe":1,"minecraft:bread":3,"minecraft:air":0,"minecraft:iron_chestplate":1,"minecraft:charcoal":1,"minecraft:wooden_hoe":1,"minecraft:shield":1,"minecraft:stick":16,"minecraft:iron_ingot":17,"minecraft:stone_pickaxe":1,"minecraft:stone_sword":1,"minecraft:iron_leggings":1,"minecraft:torch":32}},"DataVersion":3465}