{"stats":{"minecraft:killed":{"minecraft:skeleton":1},"minecraft:picked_up":{"minecraft:birch_log":7,"minecraft:raw_iron":10,"minecraft:crafting_table":4,"minecraft:gravel":7,"minecraft:flint":1,"minecraft:pointed_dripstone":1,"minecraft:arrow":2,"minecraft:coal":55,"minecraft:furnace":1,"minecraft:cobblestone":26},"minecraft:crafted":{"minecraft:crafting_table":1,"minecraft:stick":16,"minecraft:iron_ingot":10,"minecraft:wooden_pickaxe":1,"minecraft:iron_pickaxe":1,"minecraft:stone_pickaxe":1,"minecraft:wooden_axe":1,"minecraft:stone_sword":1,"minecraft:furnace":1,"minecraft:birch_planks":28,"minecraft:torch":12,"minecraft:stone_axe":1,"minecraft:shears":1,"minecraft:air":0,"minecraft:flint_and_steel":1},"minecraft:used":{"minecraft:wooden_axe":6,"minecraft:stone_sword":6,"minecraft:stone_pickaxe":60,"minecraft:wooden_pickaxe":8,"minecraft:gravel":7,"minecraft:stone_axe":2,"minecraft:torch":1,"minecraft:cobblestone":3,"minecraft:crafting_table":4,"minecraft:furnace":1},"minecraft:custom":{"minecraft:time_since_rest":15570,"minecraft:interact_with_furnace":3,"minecraft:sprint_one_cm":1155,"minecraft:damage_taken":130,"minecraft:walk_one_cm":35125,"minecraft:mob_kills":1,"minecraft:damage_dealt":200,"minecraft:interact_with_crafting_table":8,"minecraft:fly_one_cm":379,"minecraft:crouch_one_cm":3795,"minecraft:play_time":15570,"minecraft:sneak_time":1475,"minecraft:walk_under_water_one_cm":7485,"minecraft:jump":84,"minecraft:time_since_death":15570,"minecraft:walk_on_water_one_cm":12653,"minecraft:total_world_time":15570,"minecraft:fall_one_cm":2078},"minecraft:mined":{"minecraft:furnace":1,"minecraft:birch_log":7,"minecraft:iron_ore":10,"minecraft:birch_leaves":5,"minecraft:crafting_table":4,"minecraft:pointed_dripstone":1,"minecraft:coal_ore":29,"minecraft:gravel":8,"minecraft:cobblestone":22,"minecraft:deepslate_coal_ore":1,"minecraft:stone":4}},"DataVersion":3465}