{"stats":{"minecraft:killed":{"minecraft:skeleton":1,"minecraft:zombie":2},"minecraft:broken":{"minecraft:stone_pickaxe":1},"minecraft:picked_up":{"minecraft:birch_log":7,"minecraft:pink_petals":3,"minecraft:crafting_table":5,"minecraft:flint":1,"minecraft:lapis_lazuli":28,"minecraft:wheat_seeds":1,"minecraft:iron_nugget":3,"minecraft:furnace":1,"minecraft:raw_iron":18,"minecraft:cooked_porkchop":3,"minecraft:gravel":7,"minecraft:pointed_dripstone":1,"minecraft:diorite":4,"minecraft:white_bed":1,"minecraft:arrow":2,"minecraft:rotten_flesh":2,"minecraft:coal":116,"minecraft:cobblestone":35,"minecraft:white_wool":4},"minecraft:crafted":{"minecraft:crafting_table":1,"minecraft:wooden_pickaxe":1,"minecraft:furnace":1,"minecraft:bucket":1,"minecraft:birch_planks":28,"minecraft:stone_axe":1,"minecraft:air":0,"minecraft:flint_and_steel":1,"minecraft:shield":1,"minecraft:stick":16,"minecraft:iron_ingot":10,"minecraft:iron_pickaxe":1,"minecraft:stone_pickaxe":1,"minecraft:wooden_axe":1,"minecraft:stone_sword":1,"minecraft:white_bed":1,"minecraft:torch":12,"minecraft:shears":1},"minecraft:used":{"minecraft:water_bucket":12,"minecraft:diorite":4,"minecraft:stone_sword":24,"minecraft:flint_and_steel":3,"minecraft:stone_pickaxe":130,"minecraft:wooden_pickaxe":10,"minecraft:rotten_flesh":2,"minecraft:torch":3,"minecraft:crafting_table":5,"minecraft:white_bed":1,"minecraft:wooden_axe":6,"minecraft:iron_pickaxe":18,"minecraft:gravel":7,"minecraft:stone_axe":4,"minecraft:cobblestone":19,"minecraft:furnace":1,"minecraft:cooked_porkchop":1,"minecraft:bucket":12,"minecraft:pointed_dripstone":1},"minecraft:custom":{"minecraft:interact_with_furnace":3,"minecraft:mob_kills":3,"minecraft:interact_with_crafting_table":9,"minecraft:time_since_death":63570,"minecraft:sleep_in_bed":1,"minecraft:time_since_rest":6962,"minecraft:sprint_one_cm":3496,"minecraft:damage_taken":260,"minecraft:walk_one_cm":93701,"minecraft:damage_dealt":585,"minecraft:fly_one_cm":2566,"minecraft:crouch_one_cm":10034,"minecraft:play_time":63570,"minecraft:sneak_time":3994,"minecraft:walk_under_water_one_cm":19535,"minecraft:jump":328,"minecraft:walk_on_water_one_cm":25812,"minecraft:total_world_time":63570,"minecraft:fall_one_cm":6828},"minecraft:mined":{"minecraft:white_bed":1,"minecraft:crafting_table":5,"minecraft:cobblestone":25,"minecraft:tall_grass":3,"minecraft:deepslate_coal_ore":1,"minecraft:lapis_ore":4,"minecraft:diorite":4,"minecraft:pink_petals":1,"minecraft:furnace":1,"minecraft:birch_log":7,"minecraft:iron_ore":18,"minecraft:fire":10,"minecraft:birch_leaves":5,"minecraft:grass":6,"minecraft:pointed_dripstone":1,"minecraft:coal_ore":90,"minecraft:gravel":8,"minecraft:stone":13,"skyfall:sky_rock":1}},"DataVersion":3465}