{"stats":{"minecraft:dropped":{"minecraft:iron_ingot":4,"minecraft:oak_log":3,"minecraft:feather":1,"minecraft:cobblestone":21},"minecraft:broken":{"minecraft:wooden_pickaxe":1},"minecraft:custom":{"minecraft:interact_with_furnace":6,"minecraft:mob_kills":12,"minecraft:interact_with_crafting_table":16,"minecraft:leave_game":1,"minecraft:time_since_death":8353,"minecraft:time_since_rest":8397,"minecraft:sprint_one_cm":34518,"minecraft:damage_taken":2085,"minecraft:walk_one_cm":131776,"minecraft:damage_blocked_by_shield":221,"minecraft:drop":7,"minecraft:damage_dealt":2528,"minecraft:fly_one_cm":90007,"minecraft:open_chest":1,"minecraft:crouch_one_cm":7910,"minecraft:play_time":37060,"minecraft:deaths":6,"minecraft:sneak_time":3037,"minecraft:walk_under_water_one_cm":8205,"minecraft:jump":599,"minecraft:walk_on_water_one_cm":10430,"minecraft:total_world_time":37060,"minecraft:fall_one_cm":14105},"minecraft:picked_up":{"minecraft:wheat":11,"minecraft:crafting_table":6,"minecraft:feather":1,"minecraft:flint":1,"minecraft:oak_log":11,"minecraft:dirt":25,"minecraft:bone":9,"minecraft:wheat_seeds":34,"minecraft:iron_ingot":2,"minecraft:furnace":1,"minecraft:raw_iron":4,"minecraft:stick":4,"minecraft:gravel":13,"minecraft:arrow":3,"minecraft:rotten_flesh":8,"minecraft:oak_sapling":4,"minecraft:coal":47,"minecraft:white_wool":1,"minecraft:cobblestone":64},"minecraft:mined":{"minecraft:farmland":10,"minecraft:crafting_table":6,"minecraft:grass_block":1,"minecraft:tall_grass":16,"minecraft:furnace":1,"minecraft:iron_ore":4,"minecraft:wheat":11,"minecraft:fire":1,"minecraft:grass":14,"minecraft:oak_log":11,"minecraft:coal_ore":46,"minecraft:gravel":14,"minecraft:stone":64,"minecraft:oak_leaves":1},"minecraft:killed":{"minecraft:spider":1,"minecraft:creeper":1,"minecraft:skeleton":5,"minecraft:zombie":4,"minecraft:drowned":1},"minecraft:used":{"minecraft:wheat_seeds":33,"minecraft:stone_sword":68,"minecraft:stone_pickaxe":56,"minecraft:wooden_pickaxe":60,"minecraft:shield":12,"minecraft:rotten_flesh":8,"minecraft:torch":9,"minecraft:dirt":22,"minecraft:crafting_table":6,"minecraft:wooden_hoe":47,"minecraft:bread":2,"minecraft:gravel":13,"minecraft:stone_axe":5,"minecraft:wooden_sword":7,"minecraft:cobblestone":7,"minecraft:oak_sapling":4,"minecraft:furnace":1,"minecraft:bucket":1,"minecraft:bone_meal":27},"minecraft:killed_by":{"minecraft:player":1,"minecraft:skeleton":1,"minecraft:zombie":1},"minecraft:crafted":{"minecraft:wooden_sword":1,"minecraft:oak_planks":36,"minecraft:crafting_table":1,"minecraft:wooden_pickaxe":1,"minecraft:furnace":1,"minecraft:bone_meal":27,"minecraft:bucket":1,"minecraft:stone_axe":1,"minecraft:bread":3,"minecraft:charcoal":1,"minecraft:wooden_hoe":1,"minecraft:shield":1,"minecraft:stick":16,"minecraft:iron_ingot":4,"minecraft:stone_pickaxe":1,"minecraft:stone_sword":1,"minecraft:torch":32}},"DataVersion":3465}