{"stats":{"minecraft:dropped":{"iceandfire:raw_silver":2,"minecraft:gravel":10,"minecraft:iron_ingot":4,"minecraft:iron_nugget":3,"minecraft:oak_log":3,"minecraft:raw_copper":8,"minecraft:cobbled_deepslate":133,"minecraft:mossy_cobblestone":2,"minecraft:tuff":2,"minecraft:feather":1,"minecraft:cobblestone":152,"minecraft:oak_planks":1,"minecraft:stone_slab":1},"minecraft:broken":{"minecraft:iron_pickaxe":1,"minecraft:wooden_pickaxe":1},"minecraft:custom":{"minecraft:interact_with_furnace":32,"minecraft:mob_kills":30,"minecraft:open_barrel":5,"minecraft:interact_with_crafting_table":32,"minecraft:interact_with_campfire":2,"minecraft:leave_game":1,"minecraft:time_since_death":74353,"minecraft:sleep_in_bed":2,"minecraft:climb_one_cm":146,"minecraft:time_since_rest":6421,"minecraft:sprint_one_cm":70323,"minecraft:damage_taken":2807,"minecraft:walk_one_cm":425251,"minecraft:damage_blocked_by_shield":1091,"minecraft:drop":22,"minecraft:damage_dealt":5672,"minecraft:talked_to_villager":4,"minecraft:swim_one_cm":21757,"minecraft:fly_one_cm":158490,"minecraft:open_chest":13,"minecraft:crouch_one_cm":17137,"minecraft:play_time":103060,"minecraft:deaths":6,"minecraft:sneak_time":7116,"minecraft:walk_under_water_one_cm":28050,"minecraft:boat_one_cm":13931,"minecraft:jump":1724,"minecraft:interact_with_blast_furnace":2,"minecraft:walk_on_water_one_cm":36307,"minecraft:total_world_time":103060,"minecraft:fall_one_cm":34665},"minecraft:picked_up":{"minecraft:wooden_axe":1,"minecraft:wheat":23,"minecraft:crafting_table":13,"minecraft:feather":1,"minecraft:stone_slab":1,"minecraft:flint":1,"minecraft:tuff":2,"minecraft:oak_log":12,"minecraft:lapis_lazuli":17,"minecraft:string":12,"minecraft:dirt":25,"minecraft:cooked_salmon":2,"minecraft:raw_copper":8,"minecraft:bone":13,"minecraft:wheat_seeds":67,"minecraft:cartography_table":1,"minecraft:cobbled_deepslate":133,"minecraft:raw_gold":13,"minecraft:iron_ingot":2,"minecraft:oak_boat":1,"minecraft:iron_nugget":3,"minecraft:chest":1,"minecraft:furnace":5,"minecraft:raw_iron":46,"minecraft:stick":4,"minecraft:sweet_berries":49,"minecraft:torch":8,"minecraft:gravel":23,"minecraft:white_bed":3,"minecraft:spider_eye":1,"minecraft:mossy_cobblestone":2,"minecraft:arrow":5,"minecraft:rotten_flesh":18,"minecraft:diamond":10,"minecraft:oak_sapling":4,"minecraft:coal":175,"iceandfire:raw_silver":2,"minecraft:white_wool":1,"minecraft:cobblestone":188},"minecraft:mined":{"minecraft:tuff":2,"minecraft:white_bed":3,"minecraft:farmland":10,"iceandfire:silver_ore":2,"minecraft:mossy_cobblestone":2,"minecraft:deepslate_diamond_ore":10,"minecraft:obsidian":2,"minecraft:crafting_table":13,"minecraft:torch":4,"minecraft:grass_block":1,"minecraft:chest":1,"minecraft:tall_grass":25,"minecraft:cobblestone":3,"minecraft:lapis_ore":4,"minecraft:deepslate_gold_ore":11,"minecraft:cartography_table":1,"minecraft:wall_torch":3,"minecraft:deepslate_copper_ore":3,"minecraft:large_fern":1,"minecraft:sweet_berry_bush":1,"minecraft:furnace":5,"minecraft:iron_ore":38,"minecraft:wheat":23,"minecraft:fire":130,"minecraft:grass":18,"minecraft:deepslate_iron_ore":8,"minecraft:oak_log":12,"minecraft:coal_ore":47,"minecraft:gravel":17,"minecraft:cobweb":4,"minecraft:stone":195,"skyfall:sky_rock":1,"minecraft:gold_ore":2,"minecraft:deepslate":128,"minecraft:oak_leaves":7},"minecraft:killed":{"minecraft:zombie_villager":1,"minecraft:spider":8,"minecraft:creeper":1,"minecraft:skeleton":8,"minecraft:zombie":8,"minecraft:drowned":1},"minecraft:used":{"minecraft:wheat_seeds":34,"minecraft:water_bucket":20,"minecraft:stone_sword":111,"minecraft:flint_and_steel":2,"minecraft:stone_pickaxe":107,"minecraft:wooden_pickaxe":60,"minecraft:shield":35,"minecraft:rotten_flesh":17,"minecraft:torch":66,"minecraft:dirt":25,"minecraft:crafting_table":13,"minecraft:white_bed":3,"minecraft:wooden_hoe":47,"minecraft:diamond_pickaxe":48,"minecraft:bread":5,"minecraft:iron_pickaxe":252,"minecraft:gravel":13,"minecraft:diamond_sword":139,"minecraft:stone_axe":19,"minecraft:wooden_sword":7,"minecraft:cobblestone":20,"minecraft:sweet_berries":29,"minecraft:oak_sapling":4,"minecraft:furnace":5,"minecraft:cooked_porkchop":2,"minecraft:bucket":21,"minecraft:oak_boat":1,"minecraft:bone_meal":36},"minecraft:killed_by":{"minecraft:player":1,"minecraft:skeleton":1,"minecraft:zombie":1},"minecraft:crafted":{"minecraft:wooden_sword":1,"minecraft:oak_planks":48,"minecraft:diamond_sword":1,"minecraft:fishing_rod":1,"minecraft:crafting_table":1,"minecraft:iron_helmet":1,"minecraft:wooden_pickaxe":1,"minecraft:furnace":1,"minecraft:bone_meal":36,"minecraft:bucket":1,"minecraft:stone_axe":1,"minecraft:bread":7,"minecraft:air":0,"minecraft:flint_and_steel":1,"minecraft:oak_boat":1,"minecraft:diamond_pickaxe":1,"minecraft:white_wool":2,"minecraft:iron_boots":1,"minecraft:iron_chestplate":1,"minecraft:charcoal":1,"minecraft:wooden_hoe":1,"minecraft:shield":1,"minecraft:stick":28,"minecraft:iron_pickaxe":1,"minecraft:iron_ingot":46,"minecraft:stone_pickaxe":1,"minecraft:gold_ingot":13,"minecraft:stone_sword":1,"minecraft:white_bed":1,"minecraft:iron_leggings":1,"minecraft:torch":68,"minecraft:shears":1}},"DataVersion":3465}