{"stats":{"minecraft:picked_up":{"minecraft:birch_log":3},"minecraft:crafted":{"minecraft:birch_planks":12,"minecraft:crafting_table":1,"minecraft:stick":4},"minecraft:used":{"minecraft:crafting_table":1},"minecraft:custom":{"minecraft:jump":16,"minecraft:time_since_rest":3570,"minecraft:crouch_one_cm":1983,"minecraft:play_time":3570,"minecraft:damage_taken":10,"minecraft:time_since_death":3570,"minecraft:walk_one_cm":9550,"minecraft:sneak_time":529,"minecraft:total_world_time":3570,"minecraft:interact_with_crafting_table":1,"minecraft:fall_one_cm":209,"minecraft:fly_one_cm":55},"minecraft:mined":{"minecraft:birch_log":3,"minecraft:birch_leaves":5}},"DataVersion":3465}