{"stats":{"minecraft:killed":{"minecraft:skeleton":1,"minecraft:zombie":2},"minecraft:broken":{"minecraft:stone_pickaxe":1},"minecraft:picked_up":{"minecraft:birch_log":7,"minecraft:pink_petals":3,"minecraft:crafting_table":10,"minecraft:enchanted_book":5,"minecraft:diamond_horse_armor":1,"minecraft:flint":1,"minecraft:lapis_lazuli":28,"minecraft:disc_fragment_5":1,"minecraft:candle":12,"minecraft:wheat_seeds":1,"minecraft:cobbled_deepslate":1,"minecraft:echo_shard":3,"minecraft:iron_nugget":3,"minecraft:chest":3,"minecraft:book":4,"minecraft:diamond_hoe":1,"minecraft:furnace":2,"minecraft:raw_iron":18,"minecraft:cooked_porkchop":3,"minecraft:sculk":8,"minecraft:gravel":7,"minecraft:amethyst_shard":22,"minecraft:soul_torch":7,"minecraft:pointed_dripstone":1,"minecraft:diorite":4,"minecraft:white_bed":1,"minecraft:dark_oak_planks":13,"minecraft:white_candle":2,"minecraft:arrow":2,"minecraft:rotten_flesh":2,"minecraft:diamond":5,"minecraft:deepslate_bricks":9,"minecraft:cracked_deepslate_bricks":5,"minecraft:gray_wool":44,"minecraft:glow_berries":15,"minecraft:coal":214,"minecraft:cobblestone":35,"minecraft:white_wool":5},"minecraft:dropped":{"minecraft:candle":12,"minecraft:birch_planks":1,"minecraft:wheat_seeds":1,"minecraft:iron_nugget":3,"minecraft:cobbled_deepslate":1,"minecraft:white_candle":2,"minecraft:echo_shard":3,"minecraft:deepslate_bricks":6,"minecraft:wooden_axe":1,"minecraft:amethyst_shard":11,"minecraft:iron_pickaxe":1,"minecraft:wooden_pickaxe":1,"minecraft:cracked_deepslate_bricks":5,"minecraft:dark_oak_planks":11,"minecraft:pink_petals":3,"minecraft:white_wool":1},"minecraft:crafted":{"minecraft:crafting_table":1,"minecraft:wooden_pickaxe":1,"minecraft:furnace":1,"minecraft:bucket":1,"minecraft:birch_planks":28,"minecraft:stone_axe":1,"minecraft:air":0,"minecraft:flint_and_steel":1,"minecraft:iron_chestplate":1,"minecraft:diamond_pickaxe":1,"minecraft:shield":1,"minecraft:stick":20,"minecraft:iron_ingot":18,"minecraft:iron_pickaxe":1,"minecraft:stone_pickaxe":1,"minecraft:wooden_axe":1,"minecraft:stone_sword":1,"minecraft:white_bed":1,"minecraft:torch":28,"minecraft:shears":1},"minecraft:used":{"minecraft:water_bucket":12,"minecraft:diorite":4,"minecraft:stone_sword":25,"minecraft:flint_and_steel":3,"minecraft:stone_pickaxe":130,"minecraft:wooden_pickaxe":10,"minecraft:deepslate_bricks":3,"minecraft:rotten_flesh":2,"minecraft:iron_chestplate":1,"minecraft:torch":27,"minecraft:glow_berries":5,"minecraft:crafting_table":10,"minecraft:white_bed":1,"minecraft:shears":44,"minecraft:wooden_axe":6,"minecraft:diamond_pickaxe":17,"minecraft:iron_pickaxe":29,"minecraft:gravel":7,"minecraft:stone_axe":18,"minecraft:cobblestone":19,"minecraft:furnace":2,"minecraft:cooked_porkchop":3,"minecraft:bucket":12,"minecraft:gray_wool":27,"minecraft:pointed_dripstone":1},"minecraft:custom":{"minecraft:interact_with_furnace":7,"minecraft:mob_kills":3,"minecraft:interact_with_crafting_table":16,"minecraft:time_since_death":93570,"minecraft:sleep_in_bed":1,"minecraft:climb_one_cm":3548,"minecraft:time_since_rest":36962,"minecraft:sprint_one_cm":11100,"minecraft:damage_taken":370,"minecraft:walk_one_cm":186460,"minecraft:drop":19,"minecraft:damage_dealt":585,"minecraft:fly_one_cm":16210,"minecraft:open_chest":9,"minecraft:crouch_one_cm":54096,"minecraft:play_time":93570,"minecraft:sneak_time":13986,"minecraft:walk_under_water_one_cm":19728,"minecraft:jump":616,"minecraft:walk_on_water_one_cm":26356,"minecraft:total_world_time":93570,"minecraft:fall_one_cm":15948},"minecraft:mined":{"minecraft:dark_oak_planks":6,"minecraft:deepslate_tiles":2,"minecraft:white_bed":1,"minecraft:glass_pane":1,"minecraft:deepslate_diamond_ore":5,"minecraft:sculk_vein":1,"minecraft:crafting_table":10,"minecraft:chest":3,"minecraft:redstone_wire":1,"minecraft:deepslate_bricks":9,"minecraft:cobblestone":25,"minecraft:tall_grass":3,"minecraft:white_candle":1,"minecraft:deepslate_coal_ore":1,"minecraft:lapis_ore":4,"minecraft:cracked_deepslate_bricks":5,"minecraft:diorite":4,"minecraft:pink_petals":1,"minecraft:gray_wool":45,"minecraft:furnace":2,"minecraft:birch_log":7,"minecraft:iron_ore":18,"minecraft:fire":10,"minecraft:birch_leaves":5,"minecraft:grass":6,"minecraft:cracked_deepslate_tiles":1,"minecraft:pointed_dripstone":1,"minecraft:coal_ore":90,"minecraft:gravel":8,"minecraft:gray_carpet":3,"minecraft:stone":13,"skyfall:sky_rock":1,"minecraft:deepslate":3}},"DataVersion":3465}