{"stats":{"minecraft:dropped":{"minecraft:iron_ingot":4,"minecraft:oak_log":3,"minecraft:cobbled_deepslate":2,"minecraft:mossy_cobblestone":2,"minecraft:feather":1,"minecraft:cobblestone":21,"minecraft:oak_planks":1},"minecraft:broken":{"minecraft:wooden_pickaxe":1},"minecraft:custom":{"minecraft:interact_with_furnace":23,"minecraft:mob_kills":28,"minecraft:interact_with_crafting_table":27,"minecraft:leave_game":1,"minecraft:time_since_death":44353,"minecraft:time_since_rest":44397,"minecraft:sprint_one_cm":38401,"minecraft:damage_taken":2589,"minecraft:walk_one_cm":265712,"minecraft:damage_blocked_by_shield":1066,"minecraft:drop":10,"minecraft:damage_dealt":5372,"minecraft:fly_one_cm":98253,"minecraft:open_chest":1,"minecraft:crouch_one_cm":15615,"minecraft:play_time":73060,"minecraft:deaths":6,"minecraft:sneak_time":6491,"minecraft:walk_under_water_one_cm":22150,"minecraft:jump":1040,"minecraft:walk_on_water_one_cm":31797,"minecraft:total_world_time":73060,"minecraft:fall_one_cm":19527},"minecraft:picked_up":{"minecraft:wheat":11,"minecraft:crafting_table":11,"minecraft:feather":1,"minecraft:flint":1,"minecraft:tuff":2,"minecraft:oak_log":11,"minecraft:string":8,"minecraft:dirt":25,"minecraft:bone":12,"minecraft:wheat_seeds":34,"minecraft:cobbled_deepslate":84,"minecraft:raw_gold":11,"minecraft:iron_ingot":2,"minecraft:furnace":4,"minecraft:raw_iron":39,"minecraft:stick":4,"minecraft:torch":2,"minecraft:gravel":13,"minecraft:spider_eye":1,"minecraft:mossy_cobblestone":2,"minecraft:arrow":5,"minecraft:rotten_flesh":16,"minecraft:diamond":10,"minecraft:oak_sapling":4,"minecraft:coal":152,"minecraft:white_wool":1,"minecraft:cobblestone":85},"minecraft:mined":{"minecraft:tuff":2,"minecraft:farmland":10,"minecraft:mossy_cobblestone":2,"minecraft:deepslate_diamond_ore":10,"minecraft:obsidian":2,"minecraft:crafting_table":11,"minecraft:grass_block":1,"minecraft:tall_grass":16,"minecraft:cobblestone":3,"minecraft:deepslate_gold_ore":11,"minecraft:wall_torch":2,"minecraft:furnace":4,"minecraft:iron_ore":31,"minecraft:wheat":11,"minecraft:fire":1,"minecraft:grass":14,"minecraft:deepslate_iron_ore":8,"minecraft:oak_log":11,"minecraft:coal_ore":46,"minecraft:gravel":14,"minecraft:stone":80,"minecraft:deepslate":79,"minecraft:oak_leaves":1},"minecraft:killed":{"minecraft:zombie_villager":1,"minecraft:spider":7,"minecraft:creeper":1,"minecraft:skeleton":8,"minecraft:zombie":8,"minecraft:drowned":1},"minecraft:used":{"minecraft:wheat_seeds":33,"minecraft:water_bucket":17,"minecraft:stone_sword":111,"minecraft:flint_and_steel":2,"minecraft:stone_pickaxe":107,"minecraft:wooden_pickaxe":60,"minecraft:shield":34,"minecraft:rotten_flesh":17,"minecraft:torch":53,"minecraft:dirt":25,"minecraft:crafting_table":11,"minecraft:wooden_hoe":47,"minecraft:diamond_pickaxe":10,"minecraft:bread":3,"minecraft:iron_pickaxe":103,"minecraft:gravel":13,"minecraft:diamond_sword":20,"minecraft:stone_axe":10,"minecraft:wooden_sword":7,"minecraft:cobblestone":20,"minecraft:oak_sapling":4,"minecraft:furnace":4,"minecraft:cooked_porkchop":2,"minecraft:bucket":18,"minecraft:bone_meal":27},"minecraft:killed_by":{"minecraft:player":1,"minecraft:skeleton":1,"minecraft:zombie":1},"minecraft:crafted":{"minecraft:wooden_sword":1,"minecraft:oak_planks":40,"minecraft:diamond_sword":1,"minecraft:crafting_table":1,"minecraft:iron_helmet":1,"minecraft:wooden_pickaxe":1,"minecraft:furnace":1,"minecraft:bone_meal":27,"minecraft:bucket":1,"minecraft:stone_axe":1,"minecraft:bread":3,"minecraft:air":0,"minecraft:flint_and_steel":1,"minecraft:diamond_pickaxe":1,"minecraft:white_wool":2,"minecraft:iron_boots":1,"minecraft:iron_chestplate":1,"minecraft:charcoal":1,"minecraft:wooden_hoe":1,"minecraft:shield":1,"minecraft:stick":24,"minecraft:iron_pickaxe":1,"minecraft:iron_ingot":37,"minecraft:stone_pickaxe":1,"minecraft:stone_sword":1,"minecraft:white_bed":1,"minecraft:iron_leggings":1,"minecraft:torch":52,"minecraft:shears":1}},"DataVersion":3465}