{"stats":{"minecraft:killed":{"minecraft:skeleton":1,"minecraft:zombie":2},"minecraft:broken":{"minecraft:stone_pickaxe":1},"minecraft:picked_up":{"minecraft:birch_log":7,"minecraft:raw_iron":17,"minecraft:crafting_table":5,"minecraft:gravel":7,"minecraft:flint":1,"minecraft:pointed_dripstone":1,"minecraft:diorite":4,"minecraft:arrow":2,"minecraft:rotten_flesh":2,"minecraft:white_wool":4,"minecraft:coal":116,"minecraft:furnace":1,"minecraft:cobblestone":35},"minecraft:crafted":{"minecraft:shield":1,"minecraft:crafting_table":1,"minecraft:stick":16,"minecraft:iron_ingot":10,"minecraft:wooden_pickaxe":1,"minecraft:iron_pickaxe":1,"minecraft:stone_pickaxe":1,"minecraft:wooden_axe":1,"minecraft:stone_sword":1,"minecraft:furnace":1,"minecraft:white_bed":1,"minecraft:bucket":1,"minecraft:birch_planks":28,"minecraft:torch":12,"minecraft:stone_axe":1,"minecraft:shears":1,"minecraft:air":0,"minecraft:flint_and_steel":1},"minecraft:used":{"minecraft:wooden_axe":6,"minecraft:water_bucket":1,"minecraft:diorite":3,"minecraft:stone_sword":15,"minecraft:stone_pickaxe":130,"minecraft:iron_pickaxe":12,"minecraft:wooden_pickaxe":10,"minecraft:gravel":7,"minecraft:rotten_flesh":2,"minecraft:stone_axe":4,"minecraft:torch":1,"minecraft:cobblestone":14,"minecraft:crafting_table":5,"minecraft:furnace":1,"minecraft:bucket":2,"minecraft:pointed_dripstone":1},"minecraft:custom":{"minecraft:time_since_rest":51570,"minecraft:interact_with_furnace":3,"minecraft:sprint_one_cm":3031,"minecraft:damage_taken":140,"minecraft:walk_one_cm":65889,"minecraft:mob_kills":3,"minecraft:damage_dealt":585,"minecraft:interact_with_crafting_table":9,"minecraft:fly_one_cm":1820,"minecraft:crouch_one_cm":8960,"minecraft:play_time":51570,"minecraft:sneak_time":3460,"minecraft:walk_under_water_one_cm":9719,"minecraft:jump":221,"minecraft:time_since_death":51570,"minecraft:walk_on_water_one_cm":20855,"minecraft:total_world_time":51570,"minecraft:fall_one_cm":3751},"minecraft:mined":{"minecraft:furnace":1,"minecraft:birch_log":7,"minecraft:iron_ore":17,"minecraft:birch_leaves":5,"minecraft:crafting_table":5,"minecraft:grass":1,"minecraft:pointed_dripstone":1,"minecraft:coal_ore":90,"minecraft:gravel":8,"minecraft:cobblestone":25,"minecraft:deepslate_coal_ore":1,"minecraft:stone":13,"minecraft:diorite":4}},"DataVersion":3465}