{"stats":{"minecraft:dropped":{"minecraft:iron_ingot":4,"iceandfire:raw_silver":2,"minecraft:oak_log":3,"minecraft:mossy_cobblestone":2,"minecraft:cobblestone":152,"minecraft:feather":1,"minecraft:gravel":10,"minecraft:iron_nugget":3,"minecraft:cobbled_deepslate":133,"minecraft:raw_copper":8,"minecraft:tuff":2,"minecraft:oak_planks":1,"minecraft:stone_slab":1,"minecraft:spider_eye":1},"minecraft:broken":{"minecraft:wooden_pickaxe":1,"minecraft:iron_pickaxe":1},"minecraft:custom":{"minecraft:mob_kills":30,"minecraft:interact_with_crafting_table":32,"minecraft:open_barrel":5,"minecraft:interact_with_campfire":2,"minecraft:leave_game":1,"minecraft:time_since_death":86353,"minecraft:climb_one_cm":146,"minecraft:sprint_one_cm":88555,"minecraft:walk_one_cm":465152,"minecraft:damage_blocked_by_shield":1091,"minecraft:drop":23,"minecraft:talked_to_villager":4,"minecraft:play_time":115060,"minecraft:sneak_time":7485,"minecraft:deaths":6,"minecraft:walk_under_water_one_cm":28050,"minecraft:boat_one_cm":13931,"minecraft:jump":2003,"minecraft:interact_with_blast_furnace":2,"minecraft:walk_on_water_one_cm":36532,"minecraft:total_world_time":115060,"minecraft:interact_with_furnace":32,"minecraft:sleep_in_bed":4,"minecraft:time_since_rest":1998,"minecraft:damage_taken":3086,"minecraft:damage_dealt":5672,"minecraft:swim_one_cm":21757,"minecraft:fly_one_cm":209633,"minecraft:open_chest":34,"minecraft:crouch_one_cm":18146,"minecraft:fall_one_cm":39325},"minecraft:picked_up":{"minecraft:wooden_axe":1,"minecraft:crafting_table":13,"minecraft:wheat":23,"minecraft:stone_slab":1,"minecraft:string":12,"minecraft:raw_copper":8,"minecraft:cooked_salmon":2,"minecraft:cartography_table":1,"minecraft:cobbled_deepslate":133,"minecraft:oak_boat":1,"minecraft:iron_nugget":3,"minecraft:chest":1,"minecraft:furnace":5,"iceandfire:ice_dragon_heart":1,"minecraft:stick":4,"minecraft:raw_iron":46,"iceandfire:dragonbone":12,"minecraft:torch":9,"iceandfire:dragonscales_white":35,"iceandfire:dragon_skull_ice":1,"minecraft:arrow":5,"minecraft:rotten_flesh":18,"minecraft:white_wool":1,"minecraft:cobblestone":188,"minecraft:feather":1,"minecraft:flint":1,"minecraft:tuff":2,"minecraft:oak_log":12,"minecraft:lapis_lazuli":17,"minecraft:dirt":32,"minecraft:bone":13,"minecraft:wheat_seeds":67,"minecraft:raw_gold":13,"minecraft:iron_ingot":2,"minecraft:sweet_berries":49,"minecraft:gravel":23,"minecraft:white_bed":4,"minecraft:spider_eye":1,"minecraft:mossy_cobblestone":2,"minecraft:diamond":10,"minecraft:oak_sapling":5,"iceandfire:silver_nugget":120,"minecraft:coal":175,"iceandfire:raw_silver":2},"minecraft:mined":{"minecraft:tuff":2,"minecraft:white_bed":4,"minecraft:farmland":10,"iceandfire:silver_ore":2,"minecraft:mossy_cobblestone":2,"minecraft:deepslate_diamond_ore":10,"minecraft:obsidian":2,"minecraft:grass_block":2,"minecraft:cartography_table":1,"minecraft:large_fern":1,"minecraft:furnace":5,"minecraft:iron_ore":38,"minecraft:fire":130,"minecraft:deepslate_iron_ore":8,"minecraft:stone":195,"minecraft:podzol":3,"minecraft:crafting_table":13,"minecraft:torch":5,"minecraft:chest":1,"minecraft:tall_grass":25,"minecraft:cobblestone":3,"minecraft:deepslate_gold_ore":11,"minecraft:lapis_ore":4,"minecraft:wall_torch":3,"minecraft:deepslate_copper_ore":3,"minecraft:wheat":23,"minecraft:sweet_berry_bush":1,"minecraft:grass":18,"minecraft:coal_ore":47,"minecraft:oak_log":12,"minecraft:gravel":17,"minecraft:dirt":3,"minecraft:cobweb":4,"skyfall:sky_rock":1,"minecraft:gold_ore":2,"minecraft:oak_leaves":7,"minecraft:deepslate":128},"minecraft:killed":{"minecraft:spider":8,"minecraft:skeleton":8,"minecraft:drowned":1,"minecraft:zombie_villager":1,"minecraft:creeper":1,"minecraft:zombie":8},"minecraft:used":{"minecraft:stone_sword":111,"minecraft:flint_and_steel":2,"minecraft:shield":35,"minecraft:rotten_flesh":19,"minecraft:torch":67,"minecraft:dirt":25,"minecraft:sweet_berries":52,"minecraft:furnace":5,"minecraft:oak_sapling":5,"minecraft:wheat_seeds":34,"minecraft:water_bucket":21,"minecraft:stone_pickaxe":107,"minecraft:wooden_pickaxe":60,"minecraft:crafting_table":13,"minecraft:white_bed":4,"minecraft:wooden_hoe":47,"minecraft:diamond_pickaxe":48,"minecraft:iron_pickaxe":252,"minecraft:bread":5,"minecraft:gravel":13,"minecraft:stone_axe":19,"minecraft:diamond_sword":140,"minecraft:wooden_sword":7,"minecraft:cobblestone":20,"minecraft:cooked_porkchop":2,"minecraft:bucket":22,"minecraft:oak_boat":1,"minecraft:bone_meal":36},"minecraft:killed_by":{"minecraft:player":1,"minecraft:skeleton":1,"minecraft:zombie":1},"minecraft:crafted":{"minecraft:wooden_sword":1,"minecraft:oak_planks":48,"minecraft:fishing_rod":1,"minecraft:furnace":1,"minecraft:bone_meal":36,"minecraft:flint_and_steel":1,"minecraft:iron_boots":1,"minecraft:stone_pickaxe":1,"minecraft:diamond_sword":1,"minecraft:crafting_table":1,"minecraft:wooden_pickaxe":1,"minecraft:iron_helmet":1,"minecraft:bucket":1,"minecraft:stone_axe":1,"minecraft:bread":7,"minecraft:air":0,"minecraft:oak_boat":1,"minecraft:white_wool":2,"minecraft:iron_chestplate":1,"minecraft:wooden_hoe":1,"minecraft:charcoal":1,"minecraft:diamond_pickaxe":1,"minecraft:shield":1,"minecraft:stick":28,"minecraft:iron_ingot":46,"minecraft:iron_pickaxe":1,"minecraft:stone_sword":1,"minecraft:iron_leggings":1,"minecraft:gold_ingot":13,"minecraft:white_bed":1,"minecraft:torch":68,"minecraft:shears":1}},"DataVersion":3465}