{"stats":{"minecraft:killed":{"minecraft:skeleton":1,"minecraft:zombie":2},"minecraft:broken":{"minecraft:stone_pickaxe":1},"minecraft:picked_up":{"minecraft:birch_log":7,"minecraft:pink_petals":3,"minecraft:crafting_table":6,"minecraft:enchanted_book":3,"minecraft:diamond_horse_armor":1,"minecraft:flint":1,"minecraft:lapis_lazuli":28,"minecraft:wheat_seeds":1,"minecraft:cobbled_deepslate":1,"minecraft:echo_shard":3,"minecraft:iron_nugget":3,"minecraft:chest":2,"minecraft:diamond_hoe":1,"minecraft:furnace":1,"minecraft:raw_iron":18,"minecraft:cooked_porkchop":3,"minecraft:sculk":8,"minecraft:gravel":7,"minecraft:amethyst_shard":11,"minecraft:soul_torch":7,"minecraft:pointed_dripstone":1,"minecraft:diorite":4,"minecraft:white_bed":1,"minecraft:white_candle":2,"minecraft:arrow":2,"minecraft:rotten_flesh":2,"minecraft:diamond":3,"minecraft:deepslate_bricks":4,"minecraft:cracked_deepslate_bricks":2,"minecraft:gray_wool":20,"minecraft:coal":151,"minecraft:cobblestone":35,"minecraft:white_wool":4},"minecraft:dropped":{"minecraft:wheat_seeds":1,"minecraft:iron_nugget":3,"minecraft:cobbled_deepslate":1,"minecraft:white_candle":2,"minecraft:wooden_axe":1,"minecraft:wooden_pickaxe":1,"minecraft:pink_petals":3},"minecraft:crafted":{"minecraft:crafting_table":1,"minecraft:wooden_pickaxe":1,"minecraft:furnace":1,"minecraft:bucket":1,"minecraft:birch_planks":28,"minecraft:stone_axe":1,"minecraft:air":0,"minecraft:flint_and_steel":1,"minecraft:shield":1,"minecraft:stick":16,"minecraft:iron_ingot":10,"minecraft:iron_pickaxe":1,"minecraft:stone_pickaxe":1,"minecraft:wooden_axe":1,"minecraft:stone_sword":1,"minecraft:white_bed":1,"minecraft:torch":20,"minecraft:shears":1},"minecraft:used":{"minecraft:water_bucket":12,"minecraft:diorite":4,"minecraft:stone_sword":25,"minecraft:flint_and_steel":3,"minecraft:stone_pickaxe":130,"minecraft:wooden_pickaxe":10,"minecraft:deepslate_bricks":3,"minecraft:rotten_flesh":2,"minecraft:torch":17,"minecraft:glow_berries":5,"minecraft:crafting_table":7,"minecraft:white_bed":1,"minecraft:shears":20,"minecraft:wooden_axe":6,"minecraft:iron_pickaxe":29,"minecraft:gravel":7,"minecraft:stone_axe":10,"minecraft:cobblestone":19,"minecraft:furnace":1,"minecraft:cooked_porkchop":2,"minecraft:bucket":12,"minecraft:gray_wool":12,"minecraft:pointed_dripstone":1},"minecraft:custom":{"minecraft:interact_with_furnace":3,"minecraft:mob_kills":3,"minecraft:interact_with_crafting_table":11,"minecraft:time_since_death":81570,"minecraft:sleep_in_bed":1,"minecraft:time_since_rest":24962,"minecraft:sprint_one_cm":9074,"minecraft:damage_taken":300,"minecraft:walk_one_cm":145070,"minecraft:drop":7,"minecraft:damage_dealt":585,"minecraft:fly_one_cm":12250,"minecraft:open_chest":2,"minecraft:crouch_one_cm":49817,"minecraft:play_time":81570,"minecraft:sneak_time":12513,"minecraft:walk_under_water_one_cm":19728,"minecraft:jump":526,"minecraft:walk_on_water_one_cm":26356,"minecraft:total_world_time":81570,"minecraft:fall_one_cm":13158},"minecraft:mined":{"minecraft:dark_oak_planks":3,"minecraft:deepslate_tiles":1,"minecraft:white_bed":1,"minecraft:glass_pane":1,"minecraft:deepslate_diamond_ore":3,"minecraft:crafting_table":6,"minecraft:chest":2,"minecraft:deepslate_bricks":4,"minecraft:cobblestone":25,"minecraft:tall_grass":3,"minecraft:white_candle":1,"minecraft:deepslate_coal_ore":1,"minecraft:lapis_ore":4,"minecraft:cracked_deepslate_bricks":2,"minecraft:diorite":4,"minecraft:pink_petals":1,"minecraft:gray_wool":21,"minecraft:furnace":1,"minecraft:birch_log":7,"minecraft:iron_ore":18,"minecraft:fire":10,"minecraft:birch_leaves":5,"minecraft:grass":6,"minecraft:pointed_dripstone":1,"minecraft:coal_ore":90,"minecraft:gravel":8,"minecraft:stone":13,"skyfall:sky_rock":1,"minecraft:deepslate":1}},"DataVersion":3465}