{"stats":{"minecraft:dropped":{"iceandfire:raw_silver":2,"minecraft:gravel":10,"minecraft:iron_ingot":4,"minecraft:oak_log":3,"minecraft:raw_copper":8,"minecraft:cobbled_deepslate":133,"minecraft:mossy_cobblestone":2,"minecraft:tuff":2,"minecraft:feather":1,"minecraft:cobblestone":149,"minecraft:oak_planks":1},"minecraft:broken":{"minecraft:iron_pickaxe":1,"minecraft:wooden_pickaxe":1},"minecraft:custom":{"minecraft:interact_with_furnace":23,"minecraft:mob_kills":28,"minecraft:interact_with_crafting_table":30,"minecraft:leave_game":1,"minecraft:time_since_death":56353,"minecraft:sleep_in_bed":1,"minecraft:time_since_rest":2899,"minecraft:sprint_one_cm":41530,"minecraft:damage_taken":2663,"minecraft:walk_one_cm":321560,"minecraft:damage_blocked_by_shield":1091,"minecraft:drop":19,"minecraft:damage_dealt":5372,"minecraft:swim_one_cm":13255,"minecraft:fly_one_cm":111067,"minecraft:open_chest":1,"minecraft:crouch_one_cm":16850,"minecraft:play_time":85060,"minecraft:deaths":6,"minecraft:sneak_time":6965,"minecraft:walk_under_water_one_cm":27129,"minecraft:boat_one_cm":13931,"minecraft:jump":1296,"minecraft:walk_on_water_one_cm":34972,"minecraft:total_world_time":85060,"minecraft:fall_one_cm":22513},"minecraft:picked_up":{"minecraft:wheat":23,"minecraft:crafting_table":13,"minecraft:feather":1,"minecraft:flint":1,"minecraft:tuff":2,"minecraft:oak_log":12,"minecraft:lapis_lazuli":17,"minecraft:string":8,"minecraft:dirt":25,"minecraft:raw_copper":8,"minecraft:bone":12,"minecraft:wheat_seeds":66,"minecraft:cobbled_deepslate":133,"minecraft:raw_gold":11,"minecraft:iron_ingot":2,"minecraft:oak_boat":1,"minecraft:furnace":4,"minecraft:raw_iron":46,"minecraft:stick":4,"minecraft:sweet_berries":23,"minecraft:torch":8,"minecraft:gravel":23,"minecraft:white_bed":1,"minecraft:spider_eye":1,"minecraft:mossy_cobblestone":2,"minecraft:arrow":5,"minecraft:rotten_flesh":16,"minecraft:diamond":10,"minecraft:oak_sapling":4,"minecraft:coal":152,"iceandfire:raw_silver":2,"minecraft:white_wool":1,"minecraft:cobblestone":185},"minecraft:mined":{"minecraft:tuff":2,"minecraft:white_bed":1,"minecraft:farmland":10,"iceandfire:silver_ore":2,"minecraft:mossy_cobblestone":2,"minecraft:deepslate_diamond_ore":10,"minecraft:obsidian":2,"minecraft:crafting_table":13,"minecraft:torch":4,"minecraft:grass_block":1,"minecraft:tall_grass":16,"minecraft:cobblestone":3,"minecraft:lapis_ore":4,"minecraft:deepslate_gold_ore":11,"minecraft:wall_torch":3,"minecraft:deepslate_copper_ore":3,"minecraft:sweet_berry_bush":1,"minecraft:furnace":4,"minecraft:iron_ore":38,"minecraft:wheat":23,"minecraft:fire":1,"minecraft:grass":15,"minecraft:deepslate_iron_ore":8,"minecraft:oak_log":12,"minecraft:coal_ore":46,"minecraft:gravel":17,"minecraft:stone":194,"minecraft:deepslate":128,"minecraft:oak_leaves":4},"minecraft:killed":{"minecraft:zombie_villager":1,"minecraft:spider":7,"minecraft:creeper":1,"minecraft:skeleton":8,"minecraft:zombie":8,"minecraft:drowned":1},"minecraft:used":{"minecraft:wheat_seeds":34,"minecraft:water_bucket":17,"minecraft:stone_sword":111,"minecraft:flint_and_steel":2,"minecraft:stone_pickaxe":107,"minecraft:wooden_pickaxe":60,"minecraft:shield":35,"minecraft:rotten_flesh":17,"minecraft:torch":66,"minecraft:dirt":25,"minecraft:crafting_table":13,"minecraft:white_bed":1,"minecraft:wooden_hoe":47,"minecraft:diamond_pickaxe":41,"minecraft:bread":5,"minecraft:iron_pickaxe":252,"minecraft:gravel":13,"minecraft:diamond_sword":20,"minecraft:stone_axe":16,"minecraft:wooden_sword":7,"minecraft:cobblestone":20,"minecraft:sweet_berries":6,"minecraft:oak_sapling":4,"minecraft:furnace":4,"minecraft:cooked_porkchop":2,"minecraft:bucket":18,"minecraft:oak_boat":1,"minecraft:bone_meal":36},"minecraft:killed_by":{"minecraft:player":1,"minecraft:skeleton":1,"minecraft:zombie":1},"minecraft:crafted":{"minecraft:wooden_sword":1,"minecraft:oak_planks":44,"minecraft:diamond_sword":1,"minecraft:crafting_table":1,"minecraft:iron_helmet":1,"minecraft:wooden_pickaxe":1,"minecraft:furnace":1,"minecraft:bone_meal":36,"minecraft:bucket":1,"minecraft:stone_axe":1,"minecraft:bread":7,"minecraft:air":0,"minecraft:flint_and_steel":1,"minecraft:oak_boat":1,"minecraft:diamond_pickaxe":1,"minecraft:white_wool":2,"minecraft:iron_boots":1,"minecraft:iron_chestplate":1,"minecraft:charcoal":1,"minecraft:wooden_hoe":1,"minecraft:shield":1,"minecraft:stick":28,"minecraft:iron_pickaxe":1,"minecraft:iron_ingot":37,"minecraft:stone_pickaxe":1,"minecraft:stone_sword":1,"minecraft:white_bed":1,"minecraft:iron_leggings":1,"minecraft:torch":68,"minecraft:shears":1}},"DataVersion":3465}