{"stats":{"minecraft:dropped":{"minecraft:iron_ingot":4,"iceandfire:raw_silver":2,"minecraft:wheat_seeds":6,"minecraft:oak_log":3,"minecraft:mossy_cobblestone":2,"minecraft:cobblestone":152,"minecraft:feather":1,"minecraft:wooden_sword":2,"minecraft:gravel":10,"iceandfire:silver_nugget":9,"minecraft:white_tulip":1,"minecraft:stone_axe":1,"minecraft:iron_nugget":3,"minecraft:stone_sword":1,"minecraft:cobbled_deepslate":141,"minecraft:raw_copper":8,"minecraft:tuff":2,"minecraft:rotten_flesh":8,"minecraft:clay_ball":54,"minecraft:oak_planks":1,"minecraft:stone_slab":1,"minecraft:spruce_fence":7,"minecraft:spider_eye":2,"minecraft:stone_pickaxe":1},"minecraft:broken":{"minecraft:wooden_pickaxe":1,"minecraft:shield":1,"minecraft:iron_pickaxe":1},"minecraft:custom":{"minecraft:mob_kills":50,"minecraft:interact_with_crafting_table":35,"minecraft:open_barrel":5,"minecraft:interact_with_campfire":2,"minecraft:leave_game":1,"minecraft:time_since_death":25304,"minecraft:climb_one_cm":146,"minecraft:sprint_one_cm":122210,"minecraft:walk_one_cm":633934,"minecraft:damage_blocked_by_shield":3804,"minecraft:drop":39,"minecraft:talked_to_villager":4,"minecraft:play_time":145060,"minecraft:sneak_time":8631,"minecraft:deaths":9,"minecraft:walk_under_water_one_cm":41879,"minecraft:boat_one_cm":13931,"minecraft:jump":2610,"minecraft:interact_with_blast_furnace":2,"minecraft:walk_on_water_one_cm":43531,"minecraft:total_world_time":145060,"minecraft:interact_with_furnace":32,"minecraft:sleep_in_bed":4,"minecraft:time_since_rest":25343,"minecraft:damage_taken":4574,"minecraft:damage_dealt":9831,"minecraft:swim_one_cm":23345,"minecraft:fly_one_cm":265276,"minecraft:open_chest":35,"minecraft:crouch_one_cm":20320,"minecraft:fall_one_cm":53132},"minecraft:picked_up":{"minecraft:wooden_axe":1,"minecraft:crafting_table":14,"minecraft:wheat":23,"minecraft:clay_ball":54,"minecraft:stone_slab":1,"minecraft:string":33,"minecraft:raw_copper":8,"minecraft:cooked_salmon":2,"minecraft:wooden_sword":1,"minecraft:cartography_table":1,"minecraft:cobbled_deepslate":148,"minecraft:white_tulip":1,"minecraft:oak_boat":1,"minecraft:iron_nugget":3,"minecraft:chest":1,"minecraft:furnace":5,"iceandfire:ice_dragon_heart":1,"minecraft:stick":4,"minecraft:raw_iron":66,"iceandfire:dragonbone":12,"minecraft:deepslate_brick_wall":1,"minecraft:big_dripleaf":2,"minecraft:torch":12,"iceandfire:dragonscales_white":35,"minecraft:spruce_fence":7,"iceandfire:dragon_skull_ice":1,"minecraft:arrow":13,"minecraft:rotten_flesh":29,"minecraft:white_wool":1,"minecraft:cobblestone":195,"minecraft:feather":1,"minecraft:andesite":2,"minecraft:flint":1,"minecraft:tuff":2,"minecraft:oak_log":12,"minecraft:lapis_lazuli":17,"minecraft:dirt":32,"minecraft:bone":22,"minecraft:bow":1,"minecraft:wheat_seeds":73,"minecraft:raw_gold":39,"minecraft:iron_ingot":2,"minecraft:moss_block":1,"minecraft:sweet_berries":49,"minecraft:gravel":23,"minecraft:white_bed":4,"minecraft:spider_eye":2,"minecraft:mossy_cobblestone":2,"minecraft:diamond":14,"minecraft:stone_axe":1,"minecraft:oak_sapling":5,"iceandfire:silver_nugget":126,"minecraft:coal":175,"iceandfire:raw_silver":2},"minecraft:mined":{"minecraft:tuff":2,"minecraft:white_bed":4,"minecraft:farmland":10,"iceandfire:silver_ore":2,"minecraft:mossy_cobblestone":2,"minecraft:deepslate_diamond_ore":14,"minecraft:obsidian":2,"minecraft:spruce_fence":8,"minecraft:grass_block":2,"minecraft:cartography_table":1,"minecraft:large_fern":1,"minecraft:furnace":5,"minecraft:iron_ore":38,"minecraft:fire":130,"minecraft:andesite":4,"minecraft:stripped_spruce_log":2,"minecraft:deepslate_iron_ore":29,"minecraft:stone":206,"minecraft:podzol":3,"minecraft:deepslate_brick_wall":1,"minecraft:clay":4,"minecraft:crafting_table":14,"minecraft:torch":5,"minecraft:chest":1,"minecraft:tall_grass":25,"minecraft:cobblestone":3,"minecraft:deepslate_gold_ore":37,"minecraft:lapis_ore":4,"minecraft:wall_torch":5,"minecraft:deepslate_copper_ore":3,"minecraft:wheat":23,"minecraft:sweet_berry_bush":1,"minecraft:grass":18,"minecraft:coal_ore":47,"minecraft:oak_log":12,"minecraft:gravel":17,"minecraft:dirt":3,"minecraft:cobweb":22,"skyfall:sky_rock":1,"minecraft:gold_ore":2,"minecraft:oak_leaves":7,"minecraft:deepslate":139},"minecraft:killed":{"minecraft:cave_spider":2,"minecraft:spider":10,"minecraft:skeleton":14,"minecraft:drowned":1,"minecraft:zombie_villager":1,"minecraft:creeper":1,"minecraft:zombie":16},"minecraft:used":{"minecraft:stone_sword":111,"minecraft:flint_and_steel":2,"minecraft:shield":91,"minecraft:rotten_flesh":20,"minecraft:torch":124,"minecraft:dirt":29,"minecraft:big_dripleaf":2,"minecraft:sweet_berries":84,"minecraft:furnace":5,"minecraft:oak_sapling":5,"minecraft:deepslate_brick_wall":1,"minecraft:wheat_seeds":34,"minecraft:water_bucket":27,"minecraft:stone_pickaxe":107,"minecraft:wooden_pickaxe":60,"minecraft:crafting_table":14,"minecraft:white_bed":4,"minecraft:wooden_hoe":47,"minecraft:diamond_pickaxe":131,"minecraft:iron_pickaxe":252,"minecraft:bread":12,"minecraft:gravel":13,"minecraft:stone_axe":30,"minecraft:diamond_sword":249,"minecraft:wooden_sword":7,"minecraft:cobblestone":20,"minecraft:cooked_porkchop":2,"minecraft:andesite":1,"minecraft:bucket":28,"minecraft:oak_boat":1,"minecraft:bone_meal":36},"minecraft:killed_by":{"minecraft:player":1,"minecraft:skeleton":1,"minecraft:zombie":1},"minecraft:crafted":{"minecraft:wooden_sword":1,"minecraft:oak_planks":48,"minecraft:fishing_rod":1,"minecraft:furnace":1,"minecraft:bone_meal":36,"minecraft:flint_and_steel":1,"minecraft:iron_boots":1,"minecraft:stone_pickaxe":1,"minecraft:diamond_sword":1,"iceandfire:silver_ingot":13,"minecraft:crafting_table":1,"minecraft:wooden_pickaxe":1,"minecraft:iron_helmet":1,"minecraft:bucket":1,"minecraft:stone_axe":1,"minecraft:bread":7,"minecraft:air":0,"minecraft:oak_boat":1,"minecraft:white_wool":2,"minecraft:iron_chestplate":1,"minecraft:wooden_hoe":1,"minecraft:charcoal":1,"minecraft:diamond_pickaxe":1,"minecraft:shield":2,"minecraft:stick":40,"minecraft:iron_ingot":46,"minecraft:iron_pickaxe":1,"minecraft:stone_sword":1,"minecraft:iron_leggings":1,"minecraft:gold_ingot":13,"minecraft:white_bed":1,"minecraft:torch":124,"minecraft:shears":1}},"DataVersion":3465}