{
  "alexscaves:alexscaves/discover_candy_cavity": {
    "criteria": {
      "discover": "2025-05-06 03:30:46 +0000"
    },
    "done": true
  },
  "minecraft:recipes/decorations/crafting_table": {
    "criteria": {
      "unlock_right_away": "2025-05-06 03:26:29 +0000"
    },
    "done": true
  },
  "incendium:technical/new_player": {
    "criteria": {
      "requirement": "2025-05-06 03:26:29 +0000"
    },
    "done": true
  },
  "incendium:technical/scroll_of_returning": {
    "criteria": {
      "log_spam_fixer": "2025-05-06 03:26:30 +0000"
    },
    "done": false
  },
  "incendium:technical/using/ragnarok": {
    "criteria": {
      "log_spam_fixer": "2025-05-06 03:26:30 +0000"
    },
    "done": false
  },
  "incendium:technical/using/trailblazer": {
    "criteria": {
      "log_spam_fixer": "2025-05-06 03:26:30 +0000"
    },
    "done": false
  },
  "minecraft:adventure/adventuring_time": {
    "criteria": {
      "minecraft:cherry_grove": "2025-05-06 03:27:16 +0000",
      "minecraft:sunflower_plains": "2025-05-06 03:29:04 +0000",
      "minecraft:dark_forest": "2025-05-06 03:28:30 +0000",
      "minecraft:river": "2025-05-06 03:28:06 +0000",
      "minecraft:deep_frozen_ocean": "2025-05-06 03:29:59 +0000",
      "minecraft:old_growth_spruce_taiga": "2025-05-06 03:28:25 +0000",
      "minecraft:frozen_peaks": "2025-05-06 03:27:30 +0000",
      "minecraft:old_growth_birch_forest": "2025-05-06 03:28:26 +0000",
      "minecraft:meadow": "2025-05-06 03:28:54 +0000",
      "minecraft:plains": "2025-05-06 03:27:00 +0000"
    },
    "done": false
  },
  "incendium:technical/using/shield": {
    "criteria": {
      "log_spam_fixer": "2025-05-06 03:26:30 +0000"
    },
    "done": false
  },
  "DataVersion": 3465
}